Accession,locus_tag,combined_genome_count,number_of_clades_detected,representative_Accession,representative_coverage
VFG015601(gb|WP_003100265),PA0005,10854,2,VFG015599(gb|NP_064725),10855
VFG019939(gb|WP_012613418),PA0005,10854,2,VFG015599(gb|NP_064725),10855
VFG015600(gb|WP_003150817),PA0005,10826,2,VFG015599(gb|NP_064725),10855
VFG015858(gb|WP_003097316),PA0026,11010,2,VFG015856(gb|NP_248716),11062
VFG020046(gb|WP_012613422),PA0026,10949,2,VFG015856(gb|NP_248716),11062
VFG015857(gb|WP_011979056),PA0026,10859,2,VFG015856(gb|NP_248716),11062
VFG015168(gb|WP_003136948),PA0044,11530,2,VFG000148(gb|NP_248734),11530
VFG019979(gb|WP_012613430),PA0044,11530,2,VFG000148(gb|NP_248734),11530
VFG015552(gb|WP_003111526),PA0051,11490,2,VFG015551(gb|NP_248741),11490
VFG020038(gb|WP_012613433),PA0051,11490,2,VFG015551(gb|NP_248741),11490
VFG015365(gb|WP_011979122),PA0071,11543,2,VFG002057(gb|NP_248761),11543
VFG015366(gb|WP_003083632),PA0071,11543,2,VFG002057(gb|NP_248761),11543
VFG019981(gb|WP_003106615),PA0071,11543,2,VFG002057(gb|NP_248761),11543
VFG015373(gb|WP_003136958),PA0072,11541,2,VFG002058(gb|NP_248762),11541
VFG019983(gb|WP_003083634),PA0072,11541,2,VFG002058(gb|NP_248762),11541
VFG015372(gb|WP_011979123),PA0072,11535,2,VFG002058(gb|NP_248762),11541
VFG002059(gb|NP_248763),PA0073,10820,2,VFG019985(gb|WP_003114657),10821
VFG015379(gb|WP_011979124),PA0073,10819,2,VFG019985(gb|WP_003114657),10821
VFG015380(gb|WP_003136959),PA0073,10819,2,VFG019985(gb|WP_003114657),10821
VFG015386(gb|WP_011979125),PA0074,11548,2,VFG002060(gb|NP_248764),11548
VFG015387(gb|WP_003136961),PA0074,11548,2,VFG002060(gb|NP_248764),11548
VFG019987(gb|WP_004351957),PA0074,11548,2,VFG002060(gb|NP_248764),11548
VFG015394(gb|WP_003083639),PA0075,10829,2,VFG002061(gb|NP_248765),10829
VFG019989(gb|WP_012613435),PA0075,10828,2,VFG002061(gb|NP_248765),10829
VFG015393(gb|WP_003157819),PA0075,10823,2,VFG002061(gb|NP_248765),10829
VFG002062(gb|NP_248766),PA0076,10826,2,VFG015399(gb|WP_003083642),10827
VFG019991(gb|WP_003106966),PA0076,10826,2,VFG015399(gb|WP_003083642),10827
VFG015398(gb|WP_011979126),PA0076,10801,2,VFG015399(gb|WP_003083642),10827
VFG015403(gb|WP_011979127),PA0077,11550,2,VFG002063(gb|NP_248767),11550
VFG015404(gb|WP_003111851),PA0077,11550,2,VFG002063(gb|NP_248767),11550
VFG019993(gb|WP_024082388),PA0077,11550,2,VFG002063(gb|NP_248767),11550
VFG015413(gb|WP_003115051),PA0078,11550,2,VFG002064(gb|NP_248768),11550
VFG019995(gb|WP_012613437),PA0078,11550,2,VFG002064(gb|NP_248768),11550
VFG015412(gb|WP_011979128),PA0078,11543,2,VFG002064(gb|NP_248768),11550
VFG015417(gb|WP_011979129),PA0079,11546,2,VFG002065(gb|NP_248769),11546
VFG015418(gb|WP_003115052),PA0079,11546,2,VFG002065(gb|NP_248769),11546
VFG019997(gb|WP_003115052),PA0079,11546,2,VFG002065(gb|NP_248769),11546
VFG015427(gb|WP_003083660),PA0080,10797,2,VFG002066(gb|NP_248770),10797
VFG015426(gb|WP_011979130),PA0080,10783,2,VFG002066(gb|NP_248770),10797
VFG020001(gb|WP_012613438),PA0081,11059,2,VFG002067(gb|NP_248771),11097
VFG015432(gb|WP_011979131),PA0081,2992,2,VFG002067(gb|NP_248771),11097
VFG002068(gb|NP_248772),PA0082,11504,2,VFG020003(gb|WP_003104975),11521
VFG015438(gb|WP_003111627),PA0082,11446,2,VFG020003(gb|WP_003104975),11521
VFG015437(gb|WP_011979133),PA0082,19,2,VFG020003(gb|WP_003104975),11521
VFG020005(gb|WP_003083666),PA0083,10802,2,VFG002069(gb|NP_248773),10802
VFG015443(gb|WP_003083666),PA0083,10801,2,VFG002069(gb|NP_248773),10802
VFG015442(gb|WP_011979134),PA0083,10798,2,VFG002069(gb|NP_248773),10802
VFG015447(gb|WP_003151425),PA0084,11550,2,VFG002070(gb|NP_248774),11550
VFG015448(gb|WP_003111626),PA0084,11550,2,VFG002070(gb|NP_248774),11550
VFG020007(gb|WP_003104973),PA0084,11550,2,VFG002070(gb|NP_248774),11550
VFG015449(gb|WP_011064256),PA0084,1,1,VFG002070(gb|NP_248774),11550
VFG015452(gb|WP_003151423),PA0085,10797,2,VFG002071(gb|NP_248775),10798
VFG020011(gb|WP_003119488),PA0086,10838,2,VFG002072(gb|NP_248776),10838
VFG015463(gb|WP_003119488),PA0086,10837,2,VFG002072(gb|NP_248776),10838
VFG015462(gb|WP_011979135),PA0086,14,1,VFG002072(gb|NP_248776),10838
VFG015467(gb|WP_003111625),PA0087,10800,2,VFG002073(gb|NP_248777),10800
VFG015466(gb|WP_003151421),PA0087,10795,2,VFG002073(gb|NP_248777),10800
VFG015473(gb|WP_011979136),PA0088,11565,2,VFG002074(gb|NP_248778),11565
VFG015474(gb|WP_003083676),PA0088,11565,2,VFG002074(gb|NP_248778),11565
VFG020014(gb|WP_003083676),PA0088,11565,2,VFG002074(gb|NP_248778),11565
VFG020016(gb|WP_003104969),PA0089,11564,2,VFG002075(gb|NP_248779),11564
VFG015483(gb|WP_003104969),PA0089,11563,2,VFG002075(gb|NP_248779),11564
VFG015482(gb|WP_011979137),PA0089,10908,2,VFG002075(gb|NP_248779),11564
VFG015491(gb|WP_011979138),PA0090,11565,2,VFG002076(gb|NP_248780),11565
VFG015492(gb|WP_003136970),PA0090,11565,2,VFG002076(gb|NP_248780),11565
VFG020018(gb|WP_012613439),PA0090,11565,2,VFG002076(gb|NP_248780),11565
VFG015498(gb|WP_012018669),PA0090,1,1,VFG002076(gb|NP_248780),11565
VFG020019(gb|WP_015886561),PA0090,1,1,VFG002076(gb|NP_248780),11565
VFG015501(gb|WP_011666527),PA0091,11512,2,VFG002077(gb|NP_248781),11512
VFG020020(gb|WP_003142374),PA0091,11512,2,VFG002077(gb|NP_248781),11512
VFG015500(gb|WP_079262221),PA0091,11508,2,VFG002077(gb|NP_248781),11512
VFG051834(gb|WP_003104959.1),PA0093,11196,2,VFG051485(gb|NP_248783.1),11197
VFG051804(gb|WP_011979145.1),PA0095,10218,2,VFG041011(gb|NP_248785),11422
VFG051593(gb|WP_012613476.1),PA0262,11485,2,VFG051487(gb|NP_248953.1),11485
VFG051596(gb|WP_003137141.1),PA0262,11485,2,VFG051487(gb|NP_248953.1),11485
VFG051594(gb|WP_012074520.1),PA0262,8284,2,VFG051487(gb|NP_248953.1),11485
VFG013898(gb|WP_003084552),PA0395,11574,2,VFG001223(gb|NP_249086),11574
VFG019744(gb|WP_003084552),PA0395,11574,2,VFG001223(gb|NP_249086),11574
VFG013897(gb|WP_003084552),PA0395,11125,2,VFG001223(gb|NP_249086),11574
VFG013907(gb|WP_004373763),PA0395,2,1,VFG001223(gb|NP_249086),11574
VFG013910(gb|WP_033999672),PA0396,11574,2,VFG001224(gb|NP_249087),11574
VFG013911(gb|WP_003110016),PA0396,11574,2,VFG001224(gb|NP_249087),11574
VFG014004(gb|WP_003148848),PA0408,10800,2,VFG001225(gb|NP_249099),10808
VFG014018(gb|WP_003084587),PA0409,10799,2,VFG001226(gb|NP_249100),10800
VFG014017(gb|WP_003084587),PA0409,10797,2,VFG001226(gb|NP_249100),10800
VFG019766(gb|WP_003084590),PA0410,10819,2,VFG001227(gb|NP_249101),10819
VFG014030(gb|WP_003148849),PA0410,10810,2,VFG001227(gb|NP_249101),10819
VFG014043(gb|WP_012074000),PA0411,11575,2,VFG001228(gb|NP_249102),11575
VFG014044(gb|WP_003084592),PA0411,11575,2,VFG001228(gb|NP_249102),11575
VFG019768(gb|WP_003100940),PA0411,11575,2,VFG001228(gb|NP_249102),11575
VFG001229(gb|NP_249103),PA0412,10860,2,VFG019770(gb|WP_003100938),10862
VFG014057(gb|WP_003084594),PA0412,10859,2,VFG019770(gb|WP_003100938),10862
VFG014056(gb|WP_003148852),PA0412,2663,2,VFG019770(gb|WP_003100938),10862
VFG014062(gb|WP_004365046),PA0413,11575,2,VFG001231(gb|NP_249104),11575
VFG019771(gb|WP_012613502),PA0413,11575,2,VFG001231(gb|NP_249104),11575
VFG014061(gb|WP_012074001),PA0413,135,2,VFG001231(gb|NP_249104),11575
VFG001232(gb|NP_249105),PA0414,11539,2,VFG019773(gb|WP_003084598),11549
VFG014075(gb|WP_004365048),PA0414,11524,2,VFG019773(gb|WP_003084598),11549
VFG014074(gb|WP_012074002),PA0414,2279,2,VFG019773(gb|WP_003084598),11549
VFG019774(gb|WP_012613503),PA0415,10814,2,VFG014080(gb|WP_003084602),10814
VFG001233(gb|NP_249106),PA0415,10813,2,VFG014080(gb|WP_003084602),10814
VFG014079(gb|WP_012074003),PA0415,327,2,VFG014080(gb|WP_003084602),10814
VFG014093(gb|WP_003128976),PA0416,10851,2,VFG001234(gb|NP_249107),10851
VFG019776(gb|WP_003117898),PA0416,10851,2,VFG001234(gb|NP_249107),10851
VFG014092(gb|WP_012074004),PA0416,7332,2,VFG001234(gb|NP_249107),10851
VFG001235(gb|NP_249108),PA0417,10833,2,VFG019778(gb|WP_003084610),10835
VFG014096(gb|WP_003084610),PA0417,10833,2,VFG019778(gb|WP_003084610),10835
VFG014095(gb|WP_012074005),PA0417,1,1,VFG019778(gb|WP_003084610),10835
VFG014908(gb|WP_003085543),PA0762,10834,2,VFG000121(gb|NP_249453),10834
VFG014907(gb|WP_003085543),PA0762,10825,2,VFG000121(gb|NP_249453),10834
VFG019911(gb|WP_003101958),PA0763,10835,2,VFG000134(gb|NP_249454),10835
VFG014921(gb|WP_003101958),PA0763,10832,2,VFG000134(gb|NP_249454),10835
VFG014920(gb|WP_003150208),PA0763,8509,2,VFG000134(gb|NP_249454),10835
VFG000135(gb|NP_249455),PA0764,10902,2,VFG019913(gb|WP_003085548),10903
VFG014934(gb|WP_003140937),PA0764,10899,2,VFG019913(gb|WP_003085548),10903
VFG014933(gb|WP_012077034),PA0764,1,1,VFG019913(gb|WP_003085548),10903
VFG014947(gb|WP_003140935),PA0765,10800,2,VFG000136(gb|NP_249456),10800
VFG019915(gb|WP_003110245),PA0765,10800,2,VFG000136(gb|NP_249456),10800
VFG014946(gb|WP_003150212),PA0765,3,1,VFG000136(gb|NP_249456),10800
VFG014952(gb|WP_003140933),PA0766,11577,2,VFG014950(gb|NP_249457),11577
VFG019916(gb|WP_009315254),PA0766,11577,2,VFG014950(gb|NP_249457),11577
VFG014951(gb|WP_012077033),PA0766,11576,2,VFG014950(gb|NP_249457),11577
VFG015851(gb|WP_003140852),PA0844,11578,2,VFG000157(gb|NP_249535),11578
VFG020044(gb|WP_012614438),PA0844,11578,2,VFG000157(gb|NP_249535),11578
VFG015850(gb|WP_012076980),PA0844,11508,2,VFG000157(gb|NP_249535),11578
VFG015069(gb|WP_003102426),PA0928,11574,2,VFG015067(gb|NP_249619),11574
VFG019941(gb|WP_003102426),PA0928,11574,2,VFG015067(gb|NP_249619),11574
VFG015068(gb|WP_003156446),PA0928,6,2,VFG015067(gb|NP_249619),11574
VFG014149(gb|WP_012076728),PA1077,10777,2,VFG014148(gb|NP_249768),10794
VFG014162(gb|WP_003082150),PA1078,10789,2,VFG001236(gb|NP_249769),10800
VFG001237(gb|NP_249770),PA1079,10705,2,VFG014176(gb|WP_003111390),10837
VFG019795(gb|WP_003082153),PA1079,10705,2,VFG014176(gb|WP_003111390),10837
VFG014175(gb|WP_003149706),PA1079,1502,2,VFG014176(gb|WP_003111390),10837
VFG014189(gb|WP_003086405),PA1080,11436,2,VFG001238(gb|NP_249771),11436
VFG019797(gb|WP_003082154),PA1080,11436,2,VFG001238(gb|NP_249771),11436
VFG014188(gb|WP_012076727),PA1080,6,2,VFG001238(gb|NP_249771),11436
VFG014202(gb|WP_003082159),PA1081,10843,2,VFG001239(gb|NP_249772),10845
VFG014201(gb|WP_012076726),PA1081,10818,2,VFG001239(gb|NP_249772),10845
VFG014215(gb|WP_003082164),PA1082,10848,2,VFG001240(gb|NP_249773),10848
VFG014214(gb|WP_003082164),PA1082,10842,2,VFG001240(gb|NP_249773),10848
VFG001241(gb|NP_249774),PA1083,10836,2,VFG019803(gb|WP_003082166),10837
VFG014228(gb|WP_003086407),PA1083,10836,2,VFG019803(gb|WP_003082166),10837
VFG014227(gb|WP_012076725),PA1083,10835,2,VFG019803(gb|WP_003082166),10837
VFG014241(gb|WP_003082169),PA1084,11576,2,VFG001242(gb|NP_249775),11576
VFG019805(gb|WP_003082169),PA1084,11576,2,VFG001242(gb|NP_249775),11576
VFG014240(gb|WP_003082169),PA1084,11460,2,VFG001242(gb|NP_249775),11576
VFG014254(gb|WP_003116316),PA1085,11577,2,VFG001243(gb|NP_249776),11577
VFG019807(gb|WP_003116316),PA1085,11577,2,VFG001243(gb|NP_249776),11577
VFG014253(gb|WP_012076724),PA1085,1151,2,VFG001243(gb|NP_249776),11577
VFG014267(gb|WP_003140599),PA1086,4015,2,VFG001244(gb|NP_249777),4015
VFG019809(gb|WP_003112507),PA1086,4015,2,VFG001244(gb|NP_249777),4015
VFG019811(gb|WP_003112506),PA1087,4011,2,VFG001245(gb|NP_249778),4011
VFG014280(gb|WP_003111492),PA1087,4010,2,VFG001245(gb|NP_249778),4011
VFG014293(gb|WP_003082185),PA1092,4054,2,VFG001246(gb|NP_249783),4054
VFG014306(gb|WP_003082188),PA1093,3763,2,VFG014304(gb|NP_249784),3763
VFG019815(gb|WP_003082188),PA1093,3763,2,VFG014304(gb|NP_249784),3763
VFG014319(gb|WP_003140595),PA1094,4049,2,VFG001247(gb|NP_249785),4049
VFG019817(gb|WP_003082190),PA1094,4049,2,VFG001247(gb|NP_249785),4049
VFG019819(gb|WP_003082192),PA1095,3762,2,VFG014332(gb|WP_003082192),3762
VFG014330(gb|NP_249786),PA1095,3761,2,VFG014332(gb|WP_003082192),3762
VFG014345(gb|WP_003082194),PA1096,10342,2,VFG014343(gb|NP_249787),10343
VFG014358(gb|WP_003086448),PA1097,11575,2,VFG001248(gb|NP_249788),11575
VFG019823(gb|WP_003086448),PA1097,11575,2,VFG001248(gb|NP_249788),11575
VFG014365(gb|WP_011059970),PA1097,31,1,VFG001248(gb|NP_249788),11575
VFG014357(gb|WP_003152329),PA1097,13,2,VFG001248(gb|NP_249788),11575
VFG014364(gb|WP_011534913),PA1097,1,1,VFG001248(gb|NP_249788),11575
VFG014366(gb|WP_003222863),PA1097,1,1,VFG001248(gb|NP_249788),11575
VFG014367(gb|WP_012019027),PA1097,1,1,VFG001248(gb|NP_249788),11575
VFG015677(gb|WP_012315528),PA1097,1,1,VFG001248(gb|NP_249788),11575
VFG014371(gb|WP_003109120),PA1098,11575,2,VFG014369(gb|NP_249789),11575
VFG019825(gb|WP_012614401),PA1098,11575,2,VFG014369(gb|NP_249789),11575
VFG014384(gb|WP_003082202),PA1099,11575,2,VFG001249(gb|NP_249790),11575
VFG019827(gb|WP_003082202),PA1099,11575,2,VFG001249(gb|NP_249790),11575
VFG019829(gb|WP_003086454),PA1100,10743,2,VFG014397(gb|WP_003140591),10747
VFG001250(gb|NP_249791),PA1100,10740,2,VFG014397(gb|WP_003140591),10747
VFG014396(gb|WP_003158014),PA1100,10695,2,VFG014397(gb|WP_003140591),10747
VFG014410(gb|WP_003109118),PA1101,11578,2,VFG001251(gb|NP_249792),11578
VFG019831(gb|WP_012614400),PA1101,11578,2,VFG001251(gb|NP_249792),11578
VFG014409(gb|WP_012076711),PA1101,11577,2,VFG001251(gb|NP_249792),11578
VFG014419(gb|WP_012019024),PA1101,1,1,VFG001251(gb|NP_249792),11578
VFG014423(gb|WP_003082212),PA1102,11544,2,VFG001252(gb|NP_249793),11551
VFG019833(gb|WP_003082212),PA1102,11535,2,VFG001252(gb|NP_249793),11551
VFG014422(gb|WP_012076710),PA1102,8909,2,VFG001252(gb|NP_249793),11551
VFG014436(gb|WP_003140589),PA1103,10851,2,VFG001253(gb|NP_249794),10851
VFG019835(gb|WP_003449045),PA1103,10850,2,VFG001253(gb|NP_249794),10851
VFG014449(gb|WP_003086458),PA1104,11578,2,VFG001254(gb|NP_249795),11578
VFG019837(gb|WP_003086458),PA1104,11578,2,VFG001254(gb|NP_249795),11578
VFG014452(gb|WP_004664459),PA1104,31,1,VFG001254(gb|NP_249795),11578
VFG001255(gb|NP_249796),PA1105,10802,2,VFG014462(gb|WP_003082220),10803
VFG014461(gb|WP_003158011),PA1105,6040,2,VFG014462(gb|WP_003082220),10803
VFG015045(gb|NP_249821),PA1130,10875,2,VFG019933(gb|WP_003082283),10930
VFG015046(gb|WP_003140566),PA1130,10874,2,VFG019933(gb|WP_003082283),10930
VFG020047(gb|WP_012614391),PA1148,11354,2,VFG015862(gb|WP_003140553),11354
VFG020041(gb|WP_003159842),PA1249,11566,2,VFG015561(gb|WP_003086731),11566
VFG015560(gb|WP_012076619),PA1249,7,2,VFG015561(gb|WP_003086731),11566
VFG015054(gb|WP_012076422),PA1430,40,2,VFG015055(gb|WP_003082999),10679
VFG015057(gb|WP_003151020),PA1432,16,1,VFG015058(gb|WP_003083017),10684
VFG014475(gb|WP_003140280),PA1441,11569,2,VFG019841(gb|WP_003083038),11570
VFG014474(gb|WP_012076415),PA1441,1,1,VFG019841(gb|WP_003083038),11570
VFG014487(gb|WP_003156948),PA1442,10771,2,VFG014488(gb|WP_003083042),10818
VFG014500(gb|WP_012076412),PA1443,10865,2,VFG014501(gb|WP_003083045),11040
VFG014510(gb|WP_003243207),PA1443,1,1,VFG014501(gb|WP_003083045),11040
VFG014511(gb|WP_013983226),PA1443,1,1,VFG014501(gb|WP_003083045),11040
VFG014514(gb|WP_003083049),PA1444,10802,2,VFG019847(gb|WP_003083049),10804
VFG014513(gb|WP_012076411),PA1444,10762,2,VFG019847(gb|WP_003083049),10804
VFG014526(gb|WP_012076410),PA1445,2,2,VFG014527(gb|WP_003083051),10800
VFG019851(gb|WP_003083052),PA1446,10844,2,VFG014540(gb|WP_003083052),10845
VFG014539(gb|WP_003155632),PA1446,10783,2,VFG014540(gb|WP_003083052),10845
VFG014548(gb|WP_011333059),PA1446,2,1,VFG014540(gb|WP_003083052),10845
VFG014552(gb|WP_003155633),PA1447,35,2,VFG014553(gb|WP_003083053),10580
VFG019855(gb|WP_003083054),PA1448,10788,2,VFG014566(gb|WP_003083054),10788
VFG014565(gb|WP_012076409),PA1448,8418,2,VFG014566(gb|WP_003083054),10788
VFG014578(gb|WP_003155636),PA1449,6337,2,VFG014579(gb|WP_003083056),11571
VFG014592(gb|WP_003083059),PA1452,11574,2,VFG014591(gb|WP_003155638),11574
VFG019859(gb|WP_003083059),PA1452,11574,2,VFG014591(gb|WP_003155638),11574
VFG014598(gb|WP_011534892),PA1452,1,1,VFG014591(gb|WP_003155638),11574
VFG014601(gb|WP_012019015),PA1452,1,1,VFG014591(gb|WP_003155638),11574
VFG015712(gb|WP_012273494),PA1452,1,1,VFG014591(gb|WP_003155638),11574
VFG019861(gb|WP_003083061),PA1453,11562,2,VFG014605(gb|WP_003087102),11562
VFG014604(gb|WP_012076406),PA1453,4,2,VFG014605(gb|WP_003087102),11562
VFG014617(gb|WP_003083064),PA1454,10829,2,VFG014618(gb|WP_003083064),10837
VFG014622(gb|WP_003254408),PA1454,1,1,VFG014618(gb|WP_003083064),10837
VFG014623(gb|WP_003254408),PA1454,1,1,VFG014618(gb|WP_003083064),10837
VFG014624(gb|WP_011534890),PA1454,1,1,VFG014618(gb|WP_003083064),10837
VFG015717(gb|WP_011534890),PA1454,1,1,VFG014618(gb|WP_003083064),10837
VFG014631(gb|WP_003083070),PA1455,10828,2,VFG019865(gb|WP_003083070),10829
VFG014630(gb|WP_003083070),PA1455,10822,2,VFG019865(gb|WP_003083070),10829
VFG014709(gb|WP_003083089),PA1460,10828,2,VFG019877(gb|WP_003159935),10830
VFG014708(gb|WP_003153718),PA1460,209,2,VFG019877(gb|WP_003159935),10830
VFG014722(gb|WP_003083090),PA1461,10860,2,VFG019879(gb|WP_012614339),10864
VFG014721(gb|WP_003153720),PA1461,1,1,VFG019879(gb|WP_012614339),10864
VFG051489(gb|WP_003083217.1),PA1511,11484,2,VFG051491(gb|WP_011666716.1),11485
VFG051507(gb|WP_003140090.1),PA1656,11564,2,VFG051504(gb|WP_003097814.1),11564
VFG051514(gb|WP_003087592.1),PA1657,10803,2,VFG051511(gb|WP_003097811.1),10807
VFG051522(gb|WP_003087596.1),PA1658,11560,2,VFG051519(gb|WP_003087596.1),11560
VFG051530(gb|WP_003140089.1),PA1659,10675,2,VFG051527(gb|WP_003120359.1),10675
VFG051538(gb|WP_003087605.1),PA1660,11563,2,VFG051535(gb|WP_010794013.1),11563
VFG051539(gb|WP_011531908.1),PA1660,166,1,VFG051535(gb|WP_010794013.1),11563
VFG051546(gb|WP_003140086.1),PA1661,11103,2,VFG051543(gb|WP_003097804.1),11434
VFG051554(gb|WP_003140083.1),PA1662,11560,2,VFG051551(gb|WP_012614304.1),11560
VFG051552(gb|WP_079262185.1),PA1662,23,2,VFG051551(gb|WP_012614304.1),11560
VFG051560(gb|WP_012076238.1),PA1666,10799,2,VFG051562(gb|WP_003110438.1),10802
VFG051568(gb|WP_012076237.1),PA1667,11564,2,VFG051567(gb|WP_003097790.1),11564
VFG051570(gb|WP_003087620.1),PA1667,11564,2,VFG051567(gb|WP_003097790.1),11564
VFG051578(gb|WP_003120354.1),PA1668,10846,2,VFG051575(gb|WP_003087622.1),10850
VFG051576(gb|WP_003087622.1),PA1668,10842,2,VFG051575(gb|WP_003087622.1),10850
VFG051584(gb|WP_012076236.1),PA1669,11564,2,VFG051583(gb|WP_012614302.1),11564
VFG051586(gb|WP_003140078.1),PA1669,11564,2,VFG051583(gb|WP_012614302.1),11564
VFG015094(gb|WP_003087668),PA1690,11513,2,VFG019945(gb|WP_003103203),11542
VFG019946(gb|WP_003103206),PA1691,10819,2,VFG015096(gb|WP_003132884),10819
VFG019948(gb|WP_012614298),PA1693,10803,2,VFG015100(gb|WP_003087674),10803
VFG015102(gb|WP_003140061),PA1694,10848,2,VFG019949(gb|WP_012614297),10857
VFG015106(gb|WP_003140046),PA1696,10762,2,VFG019950(gb|WP_003109497),10764
VFG015108(gb|WP_003100796),PA1697,11537,2,VFG000192(gb|NP_250388),11537
VFG019951(gb|WP_012614296),PA1697,11537,2,VFG000192(gb|NP_250388),11537
VFG000193(gb|NP_250389),PA1698,10823,2,VFG019952(gb|WP_003087692),10825
VFG015110(gb|WP_003087692),PA1698,10822,2,VFG019952(gb|WP_003087692),10825
VFG015114(gb|WP_003087694),PA1700,10744,2,VFG019954(gb|WP_003087694),10745
VFG000195(gb|NP_250391),PA1700,10742,2,VFG019954(gb|WP_003087694),10745
VFG015116(gb|WP_003140044),PA1701,10738,2,VFG000196(gb|NP_250392),10743
VFG015118(gb|WP_003113547),PA1702,10712,2,VFG000197(gb|NP_250393),10713
VFG019956(gb|WP_003087695),PA1702,10712,2,VFG000197(gb|NP_250393),10713
VFG015120(gb|WP_003087696),PA1703,11535,2,VFG000198(gb|NP_250394),11535
VFG019957(gb|WP_003087696),PA1703,11535,2,VFG000198(gb|NP_250394),11535
VFG015122(gb|WP_003100791),PA1704,10761,2,VFG000199(gb|NP_250395),10762
VFG015124(gb|WP_003109501),PA1705,10628,2,VFG000200(gb|NP_250396),10630
VFG015126(gb|WP_003109502),PA1706,10827,2,VFG000201(gb|NP_250397),10832
VFG000202(gb|NP_250398),PA1707,10780,2,VFG015128(gb|WP_003087708),10782
VFG015130(gb|WP_003087710),PA1708,11534,2,VFG000203(gb|NP_250399),11534
VFG019961(gb|WP_004342870),PA1708,11534,2,VFG000203(gb|NP_250399),11534
VFG019962(gb|WP_003113550),PA1709,10813,2,VFG000204(gb|NP_250400),10813
VFG015132(gb|WP_003109504),PA1709,10806,2,VFG000204(gb|NP_250400),10813
VFG000205(gb|NP_250401),PA1710,10745,2,VFG019963(gb|WP_003100769),10746
VFG015134(gb|WP_003109505),PA1710,10745,2,VFG019963(gb|WP_003100769),10746
VFG015136(gb|WP_003109506),PA1711,10530,2,VFG000206(gb|NP_250402),10536
VFG000207(gb|NP_250403),PA1712,10738,2,VFG019964(gb|WP_003100765),10740
VFG015138(gb|WP_003117721),PA1712,10733,2,VFG019964(gb|WP_003100765),10740
VFG019965(gb|WP_003120334),PA1713,10800,2,VFG000208(gb|NP_250404),10800
VFG015140(gb|WP_003120334),PA1713,10798,2,VFG000208(gb|NP_250404),10800
VFG019966(gb|WP_003100755),PA1714,10799,2,VFG000209(gb|NP_250405),10800
VFG015142(gb|WP_003109509),PA1714,10797,2,VFG000209(gb|NP_250405),10800
VFG000210(gb|NP_250406),PA1715,10742,2,VFG015144(gb|WP_003109510),10743
VFG019967(gb|WP_003120332),PA1715,10741,2,VFG015144(gb|WP_003109510),10743
VFG015146(gb|WP_003140040),PA1716,11521,2,VFG000211(gb|NP_250407),11521
VFG019968(gb|WP_012614295),PA1716,11521,2,VFG000211(gb|NP_250407),11521
VFG015148(gb|WP_003132859),PA1717,11522,2,VFG000212(gb|NP_250408),11522
VFG019969(gb|WP_012614294),PA1717,11522,2,VFG000212(gb|NP_250408),11522
VFG000213(gb|NP_250409),PA1718,10526,2,VFG019970(gb|WP_003100751),10527
VFG015150(gb|WP_003100751),PA1718,10526,2,VFG019970(gb|WP_003100751),10527
VFG015152(gb|WP_003087729),PA1719,10577,2,VFG000214(gb|NP_250410),10577
VFG015154(gb|WP_003140037),PA1720,10721,2,VFG000215(gb|NP_250411),10723
VFG000216(gb|NP_250412),PA1721,10750,2,VFG019973(gb|WP_003122856),10751
VFG000217(gb|NP_250413),PA1722,10720,2,VFG015158(gb|WP_003120330),10723
VFG019975(gb|WP_004342903),PA1723,10795,2,VFG000218(gb|NP_250414),10795
VFG015160(gb|WP_003120329),PA1723,10794,2,VFG000218(gb|NP_250414),10795
VFG015162(gb|WP_003087734),PA1724,10780,2,VFG019976(gb|WP_003087734),10782
VFG000219(gb|NP_250415),PA1724,10778,2,VFG019976(gb|WP_003087734),10782
VFG000220(gb|NP_250416),PA1725,10783,2,VFG015164(gb|WP_003087735),10784
VFG051810(gb|WP_003088027.1),PA1844,10804,2,VFG041030(gb|NP_250535),10806
VFG051811(gb|WP_003154271.1),PA1844,4,2,VFG041030(gb|NP_250535),10806
VFG015555(gb|WP_003139897),PA1871,11572,2,VFG000145(gb|NP_250562),11572
VFG020039(gb|WP_003120216),PA1871,11571,2,VFG000145(gb|NP_250562),11572
VFG015554(gb|WP_012076121),PA1871,1,1,VFG000145(gb|NP_250562),11572
VFG015524(gb|NP_250590),PA1899,10830,2,VFG020029(gb|WP_012614267),10831
VFG015526(gb|WP_009877875),PA1899,10828,2,VFG020029(gb|WP_012614267),10831
VFG015525(gb|WP_003154207),PA1899,9611,2,VFG020029(gb|WP_012614267),10831
VFG015529(gb|WP_003115119),PA1900,9864,2,VFG015527(gb|NP_250591),9864
VFG015528(gb|WP_012076100),PA1900,9389,2,VFG015527(gb|NP_250591),9864
VFG015542(gb|NP_252905),PA1905,9718,2,VFG015523(gb|WP_003112073),9718
VFG015544(gb|WP_093945134),PA1905,9718,2,VFG015523(gb|WP_003112073),9718
VFG020028(gb|WP_003112073),PA1905,9718,2,VFG015523(gb|WP_003112073),9718
VFG015522(gb|WP_012074245),PA1905,9215,2,VFG015523(gb|WP_003112073),9718
VFG000150(gb|NP_250881),PA2191,10877,2,VFG015170(gb|WP_011666674),10908
VFG019980(gb|WP_003115517),PA2191,10877,2,VFG015170(gb|WP_011666674),10908
VFG015916(gb|WP_003089025),PA2193,10545,2,VFG015914(gb|NP_250883),10545
VFG015915(gb|WP_012075862),PA2193,4,2,VFG015914(gb|NP_250883),10545
VFG015922(gb|WP_009315733),PA2194,11332,2,VFG015920(gb|NP_250884),11332
VFG020049(gb|WP_003113685),PA2194,11332,2,VFG015920(gb|NP_250884),11332
VFG015921(gb|WP_012075861),PA2194,1,1,VFG015920(gb|NP_250884),11332
VFG015928(gb|WP_011666673),PA2195,11330,2,VFG015926(gb|NP_250885),11330
VFG015927(gb|WP_012075860),PA2195,1,1,VFG015926(gb|NP_250885),11330
VFG051601(gb|WP_012614152.1),PA2360,11490,2,VFG041032(gb|NP_251050),11490
VFG051602(gb|WP_012075693.1),PA2360,11490,2,VFG041032(gb|NP_251050),11490
VFG051604(gb|WP_003139323.1),PA2360,11490,2,VFG041032(gb|NP_251050),11490
VFG051606(gb|WP_012614151.1),PA2361,11503,2,VFG041033(gb|NP_251051),11503
VFG051607(gb|WP_012075692.1),PA2361,11503,2,VFG041033(gb|NP_251051),11503
VFG051609(gb|WP_003139320.1),PA2361,11503,2,VFG041033(gb|NP_251051),11503
VFG041034(gb|NP_251052),PA2362,10769,2,VFG051614(gb|WP_003131567.1),10770
VFG051611(gb|WP_003104706.1),PA2362,10769,2,VFG051614(gb|WP_003131567.1),10770
VFG051612(gb|WP_012075691.1),PA2362,10766,2,VFG051614(gb|WP_003131567.1),10770
VFG051616(gb|WP_003122697.1),PA2363,11499,2,VFG041035(gb|NP_251053),11499
VFG051617(gb|WP_041025349.1),PA2363,11499,2,VFG041035(gb|NP_251053),11499
VFG051619(gb|WP_003139318.1),PA2363,11499,2,VFG041035(gb|NP_251053),11499
VFG051626(gb|WP_003089494.1),PA2366,11501,2,VFG041038(gb|NP_251056),11501
VFG051627(gb|WP_003089494.1),PA2366,11501,2,VFG041038(gb|NP_251056),11501
VFG051629(gb|WP_003139317.1),PA2366,11501,2,VFG041038(gb|NP_251056),11501
VFG051631(gb|WP_003089495.1),PA2367,10732,2,VFG041039(gb|NP_251057),10732
VFG051632(gb|WP_003089495.1),PA2367,10732,2,VFG041039(gb|NP_251057),10732
VFG051634(gb|WP_003089495.1),PA2367,10732,2,VFG041039(gb|NP_251057),10732
VFG051637(gb|WP_012075688.1),PA2368,10729,2,VFG051636(gb|WP_012614150.1),10729
VFG041040(gb|NP_251058),PA2368,10728,2,VFG051636(gb|WP_012614150.1),10729
VFG051639(gb|WP_003089496.1),PA2368,10728,2,VFG051636(gb|WP_012614150.1),10729
VFG051641(gb|WP_012614149.1),PA2369,11486,2,VFG041041(gb|NP_251059),11486
VFG051642(gb|WP_012075687.1),PA2369,11486,2,VFG041041(gb|NP_251059),11486
VFG051644(gb|WP_003089497.1),PA2369,11486,2,VFG041041(gb|NP_251059),11486
VFG051646(gb|WP_003114517.1),PA2370,11344,2,VFG041042(gb|NP_251060),11358
VFG051649(gb|WP_003139313.1),PA2370,11315,2,VFG041042(gb|NP_251060),11358
VFG051647(gb|WP_012075686.1),PA2370,11259,2,VFG041042(gb|NP_251060),11358
VFG051651(gb|WP_012614148.1),PA2371,11515,2,VFG041043(gb|NP_251061),11515
VFG051654(gb|WP_003139311.1),PA2371,11515,2,VFG041043(gb|NP_251061),11515
VFG051652(gb|WP_012075685.1),PA2371,11389,2,VFG041043(gb|NP_251061),11515
VFG051659(gb|WP_003139309.1),PA2373,8410,2,VFG051656(gb|WP_012614145.1),8412
VFG041045(gb|NP_251063),PA2373,8394,2,VFG051656(gb|WP_012614145.1),8412
VFG051657(gb|WP_012075684.1),PA2373,145,2,VFG051656(gb|WP_012614145.1),8412
VFG015952(gb|WP_003139299),PA2385,11485,2,VFG015950(gb|NP_251075),11485
VFG020051(gb|WP_003103624),PA2385,11485,2,VFG015950(gb|NP_251075),11485
VFG015951(gb|WP_041025346),PA2385,14,2,VFG015950(gb|NP_251075),11485
VFG020053(gb|WP_003103622),PA2386,6612,2,VFG000159(gb|NP_251076),6612
VFG015963(gb|WP_003114509),PA2386,6611,2,VFG000159(gb|NP_251076),6612
VFG015962(gb|WP_012075675),PA2386,4877,2,VFG000159(gb|NP_251076),6612
VFG015973(gb|NP_251082),PA2392,4175,2,VFG015974(gb|WP_041025344),4890
VFG015975(gb|WP_003139293),PA2392,4175,2,VFG015974(gb|WP_041025344),4890
VFG020055(gb|WP_024082546),PA2392,2428,2,VFG015974(gb|WP_041025344),4890
VFG015983(gb|NP_251083),PA2393,5477,2,VFG015985(gb|WP_003103610),5484
VFG015984(gb|WP_012075668),PA2393,3897,2,VFG015985(gb|WP_003103610),5484
VFG020057(gb|WP_012614138),PA2393,2418,2,VFG015985(gb|WP_003103610),5484
VFG015994(gb|NP_251084),PA2394,9071,2,VFG015996(gb|WP_003122677),9072
VFG015995(gb|WP_003148549),PA2394,9069,2,VFG015996(gb|WP_003122677),9072
VFG020059(gb|WP_012614137),PA2394,2527,2,VFG015996(gb|WP_003122677),9072
VFG016005(gb|NP_251085),PA2395,10767,2,VFG020061(gb|WP_012614136),10768
VFG016007(gb|WP_003139292),PA2395,10767,2,VFG020061(gb|WP_012614136),10768
VFG016006(gb|WP_012075667),PA2395,10766,2,VFG020061(gb|WP_012614136),10768
VFG016016(gb|NP_251086),PA2396,3757,2,VFG016017(gb|WP_003148547),4739
VFG016018(gb|WP_003114501),PA2396,3757,2,VFG016017(gb|WP_003148547),4739
VFG020063(gb|WP_012614135),PA2396,2268,2,VFG016017(gb|WP_003148547),4739
VFG016022(gb|WP_003103601),PA2397,4031,2,VFG000160(gb|NP_251087),4031
VFG016095(gb|WP_003139291),PA2398,4030,2,VFG000163(gb|NP_251088),4030
VFG016032(gb|WP_011666646),PA2399,4036,2,VFG000161(gb|NP_251089),4037
VFG016040(gb|WP_078463717),PA2400,4051,2,VFG016038(gb|NP_251090),4051
VFG016041(gb|NP_251092),PA2402,8128,2,VFG016043(gb|WP_011666644),9004
VFG016046(gb|NP_251103),PA2413,11493,2,VFG016048(gb|WP_003089638),11494
VFG020072(gb|WP_012614127),PA2413,11493,2,VFG016048(gb|WP_003089638),11494
VFG016047(gb|WP_012075653),PA2413,5093,2,VFG016048(gb|WP_003089638),11494
VFG016060(gb|WP_003139218),PA2424,11578,2,VFG016058(gb|NP_251114),11578
VFG020074(gb|WP_012614121),PA2424,11578,2,VFG016058(gb|NP_251114),11578
VFG016059(gb|WP_012075639),PA2424,11522,2,VFG016058(gb|NP_251114),11578
VFG016069(gb|NP_251115),PA2425,10780,2,VFG020076(gb|WP_003116905),10781
VFG016071(gb|WP_003139216),PA2425,10778,2,VFG020076(gb|WP_003116905),10781
VFG016070(gb|WP_012075638),PA2425,1,1,VFG020076(gb|WP_003116905),10781
VFG000162(gb|NP_251116),PA2426,10749,2,VFG016077(gb|WP_003113068),10750
VFG016076(gb|WP_003156700),PA2426,8778,2,VFG016077(gb|WP_003113068),10750
VFG016089(gb|WP_003139215),PA2427,6039,2,VFG016087(gb|NP_251117),6039
VFG020080(gb|WP_012614120),PA2427,6039,2,VFG016087(gb|NP_251117),6039
VFG015082(gb|WP_003090351),PA2586,10834,2,VFG015080(gb|NP_251276),10834
VFG019943(gb|WP_003090351),PA2586,10834,2,VFG015080(gb|NP_251276),10834
VFG015081(gb|WP_003090351),PA2586,10801,2,VFG015080(gb|NP_251276),10834
VFG051830(gb|WP_012613984.1),PA2684,11570,2,VFG051484(gb|NP_251374.1),11570
VFG051833(gb|WP_003138894.1),PA2684,11570,2,VFG051484(gb|NP_251374.1),11570
VFG051831(gb|WP_012076472.1),PA2684,2,2,VFG051484(gb|NP_251374.1),11570
VFG051814(gb|WP_003119469.1),PA2702,10749,2,VFG041046(gb|NP_251392),10749
VFG051817(gb|WP_003090565.1),PA2702,10748,2,VFG041046(gb|NP_251392),10749
VFG051815(gb|WP_012076490.1),PA2702,10719,2,VFG041046(gb|NP_251392),10749
VFG051483(gb|NP_251464.1),PA2774,10701,2,VFG051829(gb|WP_003138819.1),10735
VFG013948(gb|NP_251650),PA2960,10796,2,VFG013950(gb|WP_003091119),10800
VFG013949(gb|WP_003091119),PA2960,10795,2,VFG013950(gb|WP_003091119),10800
VFG013973(gb|WP_003138501),PA3115,11519,2,VFG001230(gb|NP_251805),11519
VFG019758(gb|WP_012613878),PA3115,11519,2,VFG001230(gb|NP_251805),11519
VFG014117(gb|NP_251831),PA3141,11307,2,VFG019790(gb|WP_003122257),11315
VFG014147(gb|WP_003138484),PA3141,11307,2,VFG019790(gb|WP_003122257),11315
VFG014135(gb|WP_025297832),PA3141,259,2,VFG019790(gb|WP_003122257),11315
VFG015853(gb|WP_012074913),PA3319,11579,2,VFG015852(gb|NP_252009),11579
VFG015854(gb|WP_003138281),PA3319,11579,2,VFG015852(gb|NP_252009),11579
VFG020045(gb|WP_012613840),PA3319,11579,2,VFG015852(gb|NP_252009),11579
VFG014642(gb|NP_252040),PA3350,10841,2,VFG014644(gb|WP_003091731),10842
VFG019867(gb|WP_003098745),PA3350,10841,2,VFG014644(gb|WP_003091731),10842
VFG014655(gb|NP_252041),PA3351,10796,2,VFG019869(gb|WP_003098742),10797
VFG014657(gb|WP_003091732),PA3351,10796,2,VFG019869(gb|WP_003098742),10797
VFG014656(gb|WP_003151922),PA3351,6961,2,VFG019869(gb|WP_003098742),10797
VFG014670(gb|WP_003091733),PA3352,10811,2,VFG014668(gb|NP_252042),10811
VFG019871(gb|WP_003091733),PA3352,10811,2,VFG014668(gb|NP_252042),10811
VFG000153(gb|NP_252166),PA3476,10685,2,VFG019935(gb|WP_003111059),10691
VFG015052(gb|WP_003138177),PA3476,10684,2,VFG019935(gb|WP_003111059),10691
VFG019934(gb|WP_003119559),PA3477,10724,2,VFG015049(gb|WP_003119559),10724
VFG000152(gb|NP_252167),PA3477,10719,2,VFG015049(gb|WP_003119559),10724
VFG015048(gb|WP_003119559),PA3477,30,2,VFG015049(gb|WP_003119559),10724
VFG015044(gb|WP_003092007),PA3478,11505,2,VFG000155(gb|NP_252168),11505
VFG019932(gb|WP_012613761),PA3478,11505,2,VFG000155(gb|NP_252168),11505
VFG015043(gb|WP_003155939),PA3478,1,1,VFG000155(gb|NP_252168),11505
VFG015041(gb|WP_003092013),PA3479,10822,2,VFG019930(gb|WP_003092013),10828
VFG000156(gb|NP_252169),PA3479,10816,2,VFG019930(gb|WP_003092013),10828
VFG015040(gb|WP_012074800),PA3479,9,2,VFG019930(gb|WP_003092013),10828
VFG051818(gb|WP_003092026.1),PA3484,11579,2,VFG041047(gb|NP_252174),11579
VFG051821(gb|WP_003138171.1),PA3484,11579,2,VFG041047(gb|NP_252174),11579
VFG051819(gb|WP_012074797.1),PA3484,11578,2,VFG041047(gb|NP_252174),11579
VFG015860(gb|WP_003138138),PA3487,3756,2,VFG015859(gb|NP_252177),3757
VFG014733(gb|NP_252216),PA3526,10912,2,VFG014735(gb|WP_003138116),10925
VFG014734(gb|WP_012074781),PA3526,12,2,VFG014735(gb|WP_003138116),10925
VFG014748(gb|WP_003110461),PA3540,11579,2,VFG000122(gb|NP_252230),11579
VFG014747(gb|WP_003154318),PA3540,11578,2,VFG000122(gb|NP_252230),11579
VFG014757(gb|WP_003243115),PA3540,1,1,VFG000122(gb|NP_252230),11579
VFG014759(gb|WP_074197298),PA3541,11579,2,VFG000123(gb|NP_252231),11579
VFG014760(gb|WP_003138103),PA3541,11579,2,VFG000123(gb|NP_252231),11579
VFG019885(gb|WP_003119545),PA3541,11579,2,VFG000123(gb|NP_252231),11579
VFG014771(gb|WP_012074769),PA3542,11579,2,VFG000124(gb|NP_252232),11579
VFG014772(gb|WP_003092101),PA3542,11579,2,VFG000124(gb|NP_252232),11579
VFG019887(gb|WP_003092101),PA3542,11579,2,VFG000124(gb|NP_252232),11579
VFG014783(gb|WP_012074768),PA3543,11579,2,VFG000125(gb|NP_252233),11579
VFG014784(gb|WP_003110463),PA3543,11579,2,VFG000125(gb|NP_252233),11579
VFG019889(gb|WP_003110463),PA3543,11579,2,VFG000125(gb|NP_252233),11579
VFG014796(gb|WP_012074767),PA3544,11579,2,VFG000126(gb|NP_252234),11579
VFG014797(gb|WP_003138101),PA3544,11579,2,VFG000126(gb|NP_252234),11579
VFG019891(gb|WP_003110464),PA3544,11579,2,VFG000126(gb|NP_252234),11579
VFG014808(gb|WP_012074766),PA3545,11579,2,VFG000127(gb|NP_252235),11579
VFG014809(gb|WP_003138099),PA3545,11579,2,VFG000127(gb|NP_252235),11579
VFG019893(gb|WP_003110465),PA3545,11579,2,VFG000127(gb|NP_252235),11579
VFG014820(gb|WP_012074765),PA3546,11579,2,VFG000128(gb|NP_252236),11579
VFG014821(gb|WP_003092107),PA3546,11579,2,VFG000128(gb|NP_252236),11579
VFG019895(gb|WP_012613748),PA3546,11579,2,VFG000128(gb|NP_252236),11579
VFG014833(gb|WP_003092108),PA3547,11579,2,VFG000129(gb|NP_252237),11579
VFG019897(gb|WP_012613747),PA3547,11579,2,VFG000129(gb|NP_252237),11579
VFG014832(gb|WP_012074764),PA3547,11494,2,VFG000129(gb|NP_252237),11579
VFG014844(gb|WP_012074763),PA3548,11579,2,VFG000130(gb|NP_252238),11579
VFG014845(gb|WP_003138085),PA3548,11579,2,VFG000130(gb|NP_252238),11579
VFG019899(gb|WP_003110467),PA3548,11579,2,VFG000130(gb|NP_252238),11579
VFG014858(gb|WP_003092111),PA3549,11578,2,VFG000131(gb|NP_252239),11578
VFG019901(gb|WP_003092111),PA3549,11578,2,VFG000131(gb|NP_252239),11578
VFG014857(gb|WP_003157810),PA3549,11575,2,VFG000131(gb|NP_252239),11578
VFG014869(gb|WP_012074762),PA3550,10836,2,VFG000132(gb|NP_252240),10836
VFG014870(gb|WP_003138083),PA3550,10836,2,VFG000132(gb|NP_252240),10836
VFG019903(gb|WP_003092112),PA3550,10836,2,VFG000132(gb|NP_252240),10836
VFG014881(gb|WP_012074761),PA3551,11579,2,VFG000133(gb|NP_252241),11579
VFG014882(gb|WP_003092113),PA3551,11579,2,VFG000133(gb|NP_252241),11579
VFG019905(gb|WP_003092113),PA3551,11579,2,VFG000133(gb|NP_252241),11579
VFG014885(gb|WP_011167899),PA3551,1,1,VFG000133(gb|NP_252241),11579
VFG014886(gb|WP_003251742),PA3551,1,1,VFG000133(gb|NP_252241),11579
VFG015758(gb|WP_041166587),PA3551,1,1,VFG000133(gb|NP_252241),11579
VFG015002(gb|WP_003138017),PA3649,11579,2,VFG015000(gb|NP_252339),11579
VFG019924(gb|WP_012613725),PA3649,11579,2,VFG015000(gb|NP_252339),11579
VFG015001(gb|WP_012074695),PA3649,11578,2,VFG015000(gb|NP_252339),11579
VFG015558(gb|WP_003092588),PA3724,11575,2,VFG000146(gb|NP_252413),11575
VFG020040(gb|WP_003113835),PA3724,11575,2,VFG000146(gb|NP_252413),11575
VFG015557(gb|WP_012074626),PA3724,2,2,VFG000146(gb|NP_252413),11575
VFG019735(gb|WP_003092804),PA3805,10850,2,VFG013823(gb|WP_003092804),10850
VFG001217(gb|NP_252494),PA3805,10849,2,VFG013823(gb|WP_003092804),10850
VFG019978(gb|WP_003113791),PA3841,8635,2,VFG000147(gb|NP_252530),8635
VFG014997(gb|NP_252722),PA4033,10771,2,VFG019923(gb|WP_003093256),10772
VFG014999(gb|WP_003093256),PA4033,10770,2,VFG019923(gb|WP_003093256),10772
VFG015848(gb|WP_003110541),PA4175,11548,2,VFG015846(gb|NP_252864),11548
VFG020043(gb|WP_003101348),PA4175,11548,2,VFG015846(gb|NP_252864),11548
VFG015847(gb|WP_012074275),PA4175,53,2,VFG015846(gb|NP_252864),11548
VFG015547(gb|WP_003093617),PA4209,11426,2,VFG020036(gb|WP_003093617),11506
VFG000172(gb|NP_252898),PA4209,11425,2,VFG020036(gb|WP_003093617),11506
VFG020022(gb|WP_012613549),PA4210,10826,2,VFG015503(gb|NP_252899),10826
VFG015505(gb|WP_003137497),PA4210,10825,2,VFG015503(gb|NP_252899),10826
VFG015508(gb|WP_003123955),PA4211,10119,2,VFG015506(gb|NP_252900),10133
VFG020023(gb|WP_003123955),PA4211,10062,2,VFG015506(gb|NP_252900),10133
VFG015504(gb|WP_041025452),PA4211,279,2,VFG015506(gb|NP_252900),10133
VFG015511(gb|WP_011666542),PA4212,10857,2,VFG015509(gb|NP_252901),10857
VFG015532(gb|WP_011666699),PA4212,10857,2,VFG015509(gb|NP_252901),10857
VFG020024(gb|WP_003093621),PA4212,10857,2,VFG015509(gb|NP_252901),10857
VFG015510(gb|WP_012074248),PA4212,10855,2,VFG015509(gb|NP_252901),10857
VFG015531(gb|WP_012074248),PA4212,10855,2,VFG015509(gb|NP_252901),10857
VFG015514(gb|WP_003093625),PA4213,10109,2,VFG015512(gb|NP_252902),10109
VFG015535(gb|WP_011666698),PA4213,10109,2,VFG015512(gb|NP_252902),10109
VFG020025(gb|WP_012613548),PA4213,10109,2,VFG015512(gb|NP_252902),10109
VFG015534(gb|WP_003157855),PA4213,9952,2,VFG015512(gb|NP_252902),10109
VFG015513(gb|WP_003157855),PA4213,9762,2,VFG015512(gb|NP_252902),10109
VFG015517(gb|WP_003137488),PA4214,11486,2,VFG015515(gb|NP_252903),11486
VFG015538(gb|WP_011666697),PA4214,11486,2,VFG015515(gb|NP_252903),11486
VFG020026(gb|WP_012613547),PA4214,11486,2,VFG015515(gb|NP_252903),11486
VFG015537(gb|WP_012074247),PA4214,11451,2,VFG015515(gb|NP_252903),11486
VFG015516(gb|WP_012074247),PA4214,11428,2,VFG015515(gb|NP_252903),11486
VFG015518(gb|NP_252904),PA4215,10119,2,VFG020027(gb|WP_003117652),10120
VFG015520(gb|WP_003093628),PA4215,10119,2,VFG020027(gb|WP_003117652),10120
VFG015519(gb|WP_012074246),PA4215,10118,2,VFG020027(gb|WP_003117652),10120
VFG015540(gb|WP_012074246),PA4215,10118,2,VFG020027(gb|WP_003117652),10120
VFG015550(gb|WP_003093633),PA4217,11551,2,VFG000173(gb|NP_252907),11551
VFG020037(gb|WP_003093633),PA4217,11551,2,VFG000173(gb|NP_252907),11551
VFG015549(gb|WP_012074243),PA4217,11549,2,VFG000173(gb|NP_252907),11551
VFG016153(gb|WP_003111969),PA4221,11560,2,VFG000164(gb|NP_252911),11560
VFG020096(gb|WP_003118950),PA4221,11560,2,VFG000164(gb|NP_252911),11560
VFG016152(gb|WP_034000074),PA4221,2,2,VFG000164(gb|NP_252911),11560
VFG016107(gb|WP_003137474),PA4222,11558,2,VFG001266(gb|NP_252912),11558
VFG020086(gb|WP_012613545),PA4222,11558,2,VFG001266(gb|NP_252912),11558
VFG016106(gb|WP_012074240),PA4222,167,2,VFG001266(gb|NP_252912),11558
VFG016111(gb|WP_003137473),PA4223,11546,2,VFG001267(gb|NP_252913),11546
VFG020087(gb|WP_012613544),PA4223,11546,2,VFG001267(gb|NP_252913),11546
VFG016110(gb|WP_012074239),PA4223,7,2,VFG001267(gb|NP_252913),11546
VFG020088(gb|WP_003115080),PA4224,11516,2,VFG001268(gb|NP_252914),11516
VFG016115(gb|WP_003137472),PA4224,11515,2,VFG001268(gb|NP_252914),11516
VFG016114(gb|WP_012074238),PA4224,10852,2,VFG001268(gb|NP_252914),11516
VFG016117(gb|WP_012074237),PA4225,11570,2,VFG000165(gb|NP_252915),11570
VFG016118(gb|WP_011666540),PA4225,11570,2,VFG000165(gb|NP_252915),11570
VFG020089(gb|WP_012613543),PA4225,11570,2,VFG000165(gb|NP_252915),11570
VFG016122(gb|WP_003137469),PA4226,11577,2,VFG000166(gb|NP_252916),11577
VFG020090(gb|WP_012613542),PA4226,11577,2,VFG000166(gb|NP_252916),11577
VFG016121(gb|WP_012074236),PA4226,565,2,VFG000166(gb|NP_252916),11577
VFG000167(gb|NP_252917),PA4227,10873,2,VFG020091(gb|WP_003106955),10874
VFG016126(gb|WP_003106955),PA4227,10870,2,VFG020091(gb|WP_003106955),10874
VFG016130(gb|WP_003137468),PA4228,11579,2,VFG000168(gb|NP_252918),11579
VFG020092(gb|WP_003118945),PA4228,11579,2,VFG000168(gb|NP_252918),11579
VFG016129(gb|WP_003157555),PA4228,10884,2,VFG000168(gb|NP_252918),11579
VFG020093(gb|WP_003106952),PA4229,10849,2,VFG000169(gb|NP_252919),10849
VFG016135(gb|WP_003137465),PA4229,10845,2,VFG000169(gb|NP_252919),10849
VFG016139(gb|WP_003137464),PA4230,10785,2,VFG000170(gb|NP_252920),10785
VFG020094(gb|WP_003106950),PA4230,10785,2,VFG000170(gb|NP_252920),10785
VFG016138(gb|WP_041025451),PA4230,1,1,VFG000170(gb|NP_252920),10785
VFG016146(gb|WP_003129314),PA4231,11574,2,VFG000171(gb|NP_252921),11575
VFG020095(gb|WP_012613541),PA4231,11574,2,VFG000171(gb|NP_252921),11575
VFG014984(gb|NP_253136),PA4446,11578,2,VFG014986(gb|WP_003094320),11579
VFG019921(gb|WP_003145897),PA4446,11578,2,VFG014986(gb|WP_003094320),11579
VFG014985(gb|WP_012077206),PA4446,1829,2,VFG014986(gb|WP_003094320),11579
VFG000112(gb|NP_253216),PA4526,3170,2,VFG019728(gb|WP_003122078),6198
VFG013775(gb|WP_003141354),PA4526,2162,2,VFG019728(gb|WP_003122078),6198
VFG013774(gb|WP_033998207),PA4526,56,2,VFG019728(gb|WP_003122078),6198
VFG019731(gb|WP_003107301),PA4528,10879,2,VFG000114(gb|NP_253218),10879
VFG013797(gb|WP_003141356),PA4528,10876,2,VFG000114(gb|NP_253218),10879
VFG013796(gb|WP_012077297),PA4528,10867,2,VFG000114(gb|NP_253218),10879
VFG013996(gb|WP_003094692),PA4546,11577,2,VFG001213(gb|NP_253236),11577
VFG019761(gb|WP_012614544),PA4546,11577,2,VFG001213(gb|NP_253236),11577
VFG013986(gb|WP_003094694),PA4547,11576,2,VFG001214(gb|NP_253237),11576
VFG019759(gb|WP_003110427),PA4547,11576,2,VFG001214(gb|NP_253237),11576
VFG013985(gb|WP_012077306),PA4547,18,2,VFG001214(gb|NP_253237),11576
VFG013992(gb|WP_011921055),PA4547,2,1,VFG001214(gb|NP_253237),11576
VFG013993(gb|WP_026006503),PA4547,1,1,VFG001214(gb|NP_253237),11576
VFG001215(gb|NP_253239),PA4549,8806,2,VFG019756(gb|WP_003161431),8809
VFG001207(gb|NP_253241),PA4551,8814,2,VFG019747(gb|WP_003119423),8815
VFG013919(gb|WP_012077309),PA4551,1,1,VFG019747(gb|WP_003119423),8815
VFG019749(gb|WP_003119422),PA4552,7972,2,VFG001208(gb|NP_253242),7972
VFG013930(gb|WP_003150019),PA4553,132,1,VFG001209(gb|NP_253243),8688
VFG019753(gb|WP_003123397),PA4554,7891,2,VFG001210(gb|NP_253244),9298
VFG019754(gb|WP_012614546),PA4555,8797,2,VFG001211(gb|NP_253245),8797
VFG019733(gb|WP_003094721),PA4556,8769,2,VFG001212(gb|NP_253246),8775
VFG013809(gb|WP_003150015),PA4556,10,2,VFG001212(gb|NP_253246),8775
VFG019873(gb|WP_003095673),PA4953,11552,2,VFG014681(gb|NP_253640),11552
VFG014683(gb|WP_003095673),PA4953,11540,2,VFG014681(gb|NP_253640),11552
VFG014682(gb|WP_012077641),PA4953,5,2,VFG014681(gb|NP_253640),11552
VFG014696(gb|WP_003095674),PA4954,10869,2,VFG014694(gb|NP_253641),10869
VFG019743(gb|WP_012614629),PA5040,9460,2,VFG001218(gb|NP_253727),9460
VFG013885(gb|WP_003141780),PA5040,2154,2,VFG001218(gb|NP_253727),9460
VFG013884(gb|WP_012077720),PA5040,10,2,VFG001218(gb|NP_253727),9460
VFG013871(gb|WP_012077721),PA5041,8528,2,VFG001219(gb|NP_253728),8854
VFG013872(gb|WP_003116136),PA5041,1995,2,VFG001219(gb|NP_253728),8854
VFG013861(gb|WP_003148775),PA5042,8007,2,VFG001220(gb|NP_253729),8861
VFG013862(gb|WP_003116135),PA5042,1992,2,VFG001220(gb|NP_253729),8861
VFG019738(gb|WP_003095839),PA5043,8859,2,VFG001221(gb|NP_253730),8859
VFG013849(gb|WP_003141783),PA5043,2007,2,VFG001221(gb|NP_253730),8859
VFG013848(gb|WP_003148777),PA5043,1,1,VFG001221(gb|NP_253730),8859
VFG013836(gb|WP_003110888),PA5044,11575,2,VFG001222(gb|NP_253731),11575
VFG019737(gb|WP_003110888),PA5044,11575,2,VFG001222(gb|NP_253731),11575
VFG013835(gb|WP_003110888),PA5044,10904,2,VFG001222(gb|NP_253731),11575
VFG051663(gb|WP_003141825.1),PA5089,11561,2,VFG051661(gb|WP_012614635.1),11562
VFG051488(gb|NP_253776.1),PA5089,11542,2,VFG051661(gb|WP_012614635.1),11562
VFG000117(gb|NP_253940),PA5253,9383,2,VFG019926(gb|WP_003099228),9504
VFG015015(gb|WP_011666786),PA5253,9314,2,VFG019926(gb|WP_003099228),9504
VFG015028(gb|WP_003120370),PA5255,10831,2,VFG000118(gb|NP_253942),10831
VFG019928(gb|WP_003120370),PA5255,10831,2,VFG000118(gb|NP_253942),10831
VFG015027(gb|WP_003154610),PA5255,3,1,VFG000118(gb|NP_253942),10831
VFG000119(gb|NP_253948),PA5261,10861,2,VFG014965(gb|WP_003096397),10862
VFG014964(gb|WP_003157680),PA5261,10754,2,VFG014965(gb|WP_003096397),10862
VFG014978(gb|WP_003096404),PA5262,11570,2,VFG000120(gb|NP_253949),11570
VFG014977(gb|WP_012077870),PA5262,10755,2,VFG000120(gb|NP_253949),11570
VFG051499(gb|WP_003083317.1),PA5267,9970,2,VFG051496(gb|WP_003083317.1),9975
VFG051497(gb|WP_012074519.1),PA5267,9754,2,VFG051496(gb|WP_003083317.1),9975
VFG051500(gb|WP_011536257.1),PA5267,2853,2,VFG051496(gb|WP_003083317.1),9975
VFG014895(gb|WP_016254361),PA5322,11579,2,VFG014893(gb|NP_254009),11579
VFG019907(gb|WP_010792971),PA5322,11579,2,VFG014893(gb|NP_254009),11579
VFG014894(gb|WP_012077935),PA5322,13,2,VFG014893(gb|NP_254009),11579
