Accession,locus_tag,combined_genome_count,number_of_clades_detected,n_vfg_for_locus
VFG037853(gb|YP_001083146),A1S_0049,1,1,1
VFG037943(gb|YP_001083152),A1S_0055,1,1,1
VFG037958(gb|YP_001083153),A1S_0056,1,1,1
VFG037988(gb|YP_001083155),A1S_0058,1,1,1
VFG038078(gb|YP_001083161),A1S_0064,1,1,1
VFG038092(gb|YP_001083162),A1S_0065,2,1,1
VFG038106(gb|YP_001083163),A1S_0066,1,1,1
VFG038206(gb|YP_001083200),A1S_0111,1,1,1
VFG050686(gb|YP_001083312.1),A1S_0235,1,1,1
VFG050743(gb|YP_001083348.1),A1S_0271,1,1,1
VFG050471(gb|YP_001083394.1),A1S_0328,1,1,1
VFG050458(gb|YP_001083395.1),A1S_0329,2,1,1
VFG050415(gb|YP_001083555.1),A1S_0500,1,1,1
VFG038235(gb|YP_001083791),A1S_0749,1,1,1
VFG050401(gb|YP_001083930.1),A1S_0896,1,1,1
VFG051043(gb|YP_001084326.1),A1S_1296,1,1,1
VFG051099(gb|YP_001084337.1),A1S_1307,2,1,1
VFG051085(gb|YP_001084338.1),A1S_1308,1,1,1
VFG051029(gb|YP_001084339.1),A1S_1309,1,1,1
VFG050861(gb|YP_001084594.1),A1S_1565,1,1,1
VFG037793(gb|YP_001084994),A1S_1965,1,1,1
VFG037651(gb|YP_001085191),A1S_2162,2,1,1
VFG050773(gb|YP_001085315.1),A1S_2290,1,1,1
VFG037443(gb|YP_001085412),A1S_2391,1,1,1
VFG037639(gb|YP_001085711),A1S_2696,3,1,1
VFG050671(gb|YP_001085820.1),A1S_2812,1,1,1
VFG050582(gb|YP_001086165.1),A1S_3166,2,1,1
VFG050568(gb|YP_001086166.1),A1S_3167,3,1,1
VFG050541(gb|YP_001086167.1),A1S_3168,1,1,1
VFG038140(gb|YP_005796987),ABTW07_0098,1,1,1
VFG038151(gb|YP_005796988),ABTW07_0099,2,1,1
VFG038160(gb|YP_005796989),ABTW07_0100,1,1,1
VFG050423(gb|YP_005797437.1),ABTW07_0539,1,1,1
VFG037518(gb|YP_005797902),ABTW07_1006,1,1,1
VFG050869(gb|YP_005798716.1),ABTW07_1829,1,1,1
VFG037659(gb|YP_005799438),ABTW07_2556,2,1,1
VFG050680(gb|YP_005800157.1),ABTW07_3280,1,1,1
VFG050590(gb|YP_005800452.1),ABTW07_3578,2,1,1
VFG050576(gb|YP_005800453.1),ABTW07_3579,3,1,1
VFG050535(gb|YP_005800456.1),ABTW07_3582,1,1,1
VFG035834(gb|NP_310087),ECs_2060,1,1,1
VFG034755(gb|NP_310454),ECs_2427,1,1,1
VFG042096(gb|NP_311735),ECs_3708,2,1,1
VFG042091(gb|NP_311742),ECs_3715,1,1,1
VFG042090(gb|NP_311745),ECs_3718,1,1,1
VFG042087(gb|NP_311746),ECs_3719,1,1,1
VFG042084(gb|NP_311752),ECs_3725,1,1,1
VFG042083(gb|NP_311753),ECs_3726,1,1,1
VFG012300(gb|NP_313303),ECs_5276,2,2,1
VFG029266(gb|YP_007962812),J113_20515,3,1,1
VFG028520(gb|YP_007963809),J113_27180,1,1,1
VFG048504(gb|YP_005225738),KPHS_14380,1,1,1
VFG048494(gb|YP_005225740),KPHS_14400,1,1,1
VFG048484(gb|YP_005225741),KPHS_14410,1,1,1
VFG048474(gb|YP_005225742),KPHS_14420,1,1,1
VFG048455(gb|YP_005225744),KPHS_14440,1,1,1
VFG048415(gb|YP_005225748),KPHS_14480,1,1,1
VFG048615(gb|YP_005226287),KPHS_19870,2,2,1
VFG048543(gb|YP_005226444),KPHS_21440,1,1,1
VFG048661(gb|YP_005226600),KPHS_23000,1,1,1
VFG048683(gb|YP_005226602),KPHS_23020,1,1,1
VFG048693(gb|YP_005226603),KPHS_23030,1,1,1
VFG048736(gb|YP_005226611),KPHS_23110,10552,2,1
VFG049315(gb|YP_005227544),KPHS_32440,1,1,1
VFG048567(gb|YP_005227763),KPHS_34630,1,1,1
VFG048579(gb|YP_005227766),KPHS_34660,1,1,1
VFG048598(gb|YP_005227771),KPHS_34710,2,1,1
VFG049025(gb|YP_005227844),KPHS_35440,1,1,1
VFG048793(gb|YP_005227854),KPHS_35540,1,1,1
VFG048988(gb|YP_005227873),KPHS_35730,1,1,1
VFG048991(gb|YP_005227874),KPHS_35740,1,1,1
VFG049193(gb|YP_005228284),KPHS_39850,2,1,1
VFG048375(gb|YP_005228645),KPHS_43450,16,1,1
VFG048293(gb|YP_005228660),KPHS_43600,2,1,1
VFG048303(gb|YP_005228661),KPHS_43610,1,1,1
VFG048313(gb|YP_005228662),KPHS_43620,1,1,1
VFG022919(gb|YP_001701702),MAB_0956c,1609,2,1
VFG008870(gb|YP_005361486),MRGA327_18005,1,1,1
VFG015599(gb|NP_064725),PA0005,10855,2,4
VFG015856(gb|NP_248716),PA0026,11062,2,4
VFG000148(gb|NP_248734),PA0044,11530,2,3
VFG015551(gb|NP_248741),PA0051,11490,2,3
VFG041010(gb|NP_248760),PA0070,10853,2,1
VFG002057(gb|NP_248761),PA0071,11543,2,4
VFG002058(gb|NP_248762),PA0072,11541,2,4
VFG019985(gb|WP_003114657),PA0073,10821,2,4
VFG002060(gb|NP_248764),PA0074,11548,2,4
VFG002061(gb|NP_248765),PA0075,10829,2,4
VFG015399(gb|WP_003083642),PA0076,10827,2,4
VFG002063(gb|NP_248767),PA0077,11550,2,4
VFG002064(gb|NP_248768),PA0078,11550,2,4
VFG002065(gb|NP_248769),PA0079,11546,2,4
VFG002066(gb|NP_248770),PA0080,10797,2,3
VFG002067(gb|NP_248771),PA0081,11097,2,3
VFG020003(gb|WP_003104975),PA0082,11521,2,4
VFG002069(gb|NP_248773),PA0083,10802,2,4
VFG002070(gb|NP_248774),PA0084,11550,2,5
VFG002071(gb|NP_248775),PA0085,10798,2,2
VFG002072(gb|NP_248776),PA0086,10838,2,4
VFG002073(gb|NP_248777),PA0087,10800,2,3
VFG002074(gb|NP_248778),PA0088,11565,2,4
VFG002075(gb|NP_248779),PA0089,11564,2,4
VFG002076(gb|NP_248780),PA0090,11565,2,6
VFG002077(gb|NP_248781),PA0091,11512,2,4
VFG051485(gb|NP_248783.1),PA0093,11197,2,2
VFG041011(gb|NP_248785),PA0095,11422,2,2
VFG050294(gb|NP_248789),PA0099,5899,2,1
VFG051487(gb|NP_248953.1),PA0262,11485,2,4
VFG001223(gb|NP_249086),PA0395,11574,2,5
VFG001224(gb|NP_249087),PA0396,11574,2,3
VFG001225(gb|NP_249099),PA0408,10808,2,2
VFG001226(gb|NP_249100),PA0409,10800,2,3
VFG001227(gb|NP_249101),PA0410,10819,2,3
VFG001228(gb|NP_249102),PA0411,11575,2,4
VFG019770(gb|WP_003100938),PA0412,10862,2,4
VFG001231(gb|NP_249104),PA0413,11575,2,4
VFG019773(gb|WP_003084598),PA0414,11549,2,4
VFG014080(gb|WP_003084602),PA0415,10814,2,4
VFG001234(gb|NP_249107),PA0416,10851,2,4
VFG019778(gb|WP_003084610),PA0417,10835,2,4
VFG042734(gb|NP_249343),PA0652,10845,2,1
VFG040869(gb|NP_249368),PA0677,10771,2,1
VFG040870(gb|NP_249369),PA0678,10743,2,1
VFG040871(gb|NP_249370),PA0679,10728,2,1
VFG040872(gb|NP_249371),PA0680,10708,2,1
VFG040873(gb|NP_249372),PA0681,10761,2,1
VFG040874(gb|NP_249373),PA0682,10815,2,1
VFG040875(gb|NP_249374),PA0683,11482,2,1
VFG040876(gb|NP_249375),PA0684,10754,2,1
VFG040877(gb|NP_249376),PA0685,11516,2,1
VFG040878(gb|NP_249377),PA0686,11512,2,1
VFG040879(gb|NP_249378),PA0687,11511,2,1
VFG000121(gb|NP_249453),PA0762,10834,2,3
VFG000134(gb|NP_249454),PA0763,10835,2,4
VFG019913(gb|WP_003085548),PA0764,10903,2,4
VFG000136(gb|NP_249456),PA0765,10800,2,4
VFG014950(gb|NP_249457),PA0766,11577,2,4
VFG000157(gb|NP_249535),PA0844,11578,2,4
VFG015067(gb|NP_249619),PA0928,11574,2,4
VFG042704(gb|NP_249683),PA0992,3395,2,1
VFG042705(gb|NP_249684),PA0993,10305,2,1
VFG042706(gb|NP_249685),PA0994,11310,2,1
VFG014148(gb|NP_249768),PA1077,10794,2,2
VFG001236(gb|NP_249769),PA1078,10800,2,2
VFG014176(gb|WP_003111390),PA1079,10837,2,4
VFG001238(gb|NP_249771),PA1080,11436,2,4
VFG001239(gb|NP_249772),PA1081,10845,2,3
VFG001240(gb|NP_249773),PA1082,10848,2,3
VFG019803(gb|WP_003082166),PA1083,10837,2,4
VFG001242(gb|NP_249775),PA1084,11576,2,4
VFG001243(gb|NP_249776),PA1085,11577,2,4
VFG001244(gb|NP_249777),PA1086,4015,2,3
VFG001245(gb|NP_249778),PA1087,4011,2,3
VFG001246(gb|NP_249783),PA1092,4054,2,2
VFG014304(gb|NP_249784),PA1093,3763,2,3
VFG001247(gb|NP_249785),PA1094,4049,2,3
VFG014332(gb|WP_003082192),PA1095,3762,2,3
VFG014343(gb|NP_249787),PA1096,10343,2,2
VFG001248(gb|NP_249788),PA1097,11575,2,9
VFG014369(gb|NP_249789),PA1098,11575,2,3
VFG001249(gb|NP_249790),PA1099,11575,2,3
VFG014397(gb|WP_003140591),PA1100,10747,2,4
VFG001251(gb|NP_249792),PA1101,11578,2,5
VFG001252(gb|NP_249793),PA1102,11551,2,4
VFG001253(gb|NP_249794),PA1103,10851,2,3
VFG001254(gb|NP_249795),PA1104,11578,2,4
VFG014462(gb|WP_003082220),PA1105,10803,2,3
VFG019933(gb|WP_003082283),PA1130,10930,2,3
VFG015862(gb|WP_003140553),PA1148,11354,2,2
VFG015561(gb|WP_003086731),PA1249,11566,2,3
VFG015055(gb|WP_003082999),PA1430,10679,2,2
VFG015058(gb|WP_003083017),PA1432,10684,2,2
VFG019841(gb|WP_003083038),PA1441,11570,2,3
VFG014488(gb|WP_003083042),PA1442,10818,2,2
VFG014501(gb|WP_003083045),PA1443,11040,2,4
VFG019847(gb|WP_003083049),PA1444,10804,2,3
VFG014527(gb|WP_003083051),PA1445,10800,2,2
VFG014540(gb|WP_003083052),PA1446,10845,2,4
VFG014553(gb|WP_003083053),PA1447,10580,2,2
VFG014566(gb|WP_003083054),PA1448,10788,2,3
VFG014579(gb|WP_003083056),PA1449,11571,2,2
VFG014591(gb|WP_003155638),PA1452,11574,2,6
VFG014605(gb|WP_003087102),PA1453,11562,2,3
VFG014618(gb|WP_003083064),PA1454,10837,2,6
VFG019865(gb|WP_003083070),PA1455,10829,2,3
VFG019877(gb|WP_003159935),PA1460,10830,2,3
VFG019879(gb|WP_012614339),PA1461,10864,2,3
VFG051491(gb|WP_011666716.1),PA1511,11485,2,2
VFG051504(gb|WP_003097814.1),PA1656,11564,2,2
VFG051511(gb|WP_003097811.1),PA1657,10807,2,2
VFG051519(gb|WP_003087596.1),PA1658,11560,2,2
VFG051527(gb|WP_003120359.1),PA1659,10675,2,2
VFG051535(gb|WP_010794013.1),PA1660,11563,2,3
VFG051543(gb|WP_003097804.1),PA1661,11434,2,2
VFG051551(gb|WP_012614304.1),PA1662,11560,2,3
VFG051562(gb|WP_003110438.1),PA1666,10802,2,2
VFG051567(gb|WP_003097790.1),PA1667,11564,2,3
VFG051575(gb|WP_003087622.1),PA1668,10850,2,3
VFG051583(gb|WP_012614302.1),PA1669,11564,2,3
VFG019945(gb|WP_003103203),PA1690,11542,2,2
VFG015096(gb|WP_003132884),PA1691,10819,2,2
VFG019947(gb|WP_003087672),PA1692,10606,2,1
VFG015100(gb|WP_003087674),PA1693,10803,2,2
VFG019949(gb|WP_012614297),PA1694,10857,2,2
VFG015104(gb|WP_011666708),PA1695,10346,2,1
VFG019950(gb|WP_003109497),PA1696,10764,2,2
VFG000192(gb|NP_250388),PA1697,11537,2,3
VFG019952(gb|WP_003087692),PA1698,10825,2,3
VFG000194(gb|NP_250390),PA1699,10616,2,1
VFG019954(gb|WP_003087694),PA1700,10745,2,3
VFG000196(gb|NP_250392),PA1701,10743,2,2
VFG000197(gb|NP_250393),PA1702,10713,2,3
VFG000198(gb|NP_250394),PA1703,11535,2,3
VFG000199(gb|NP_250395),PA1704,10762,2,2
VFG000200(gb|NP_250396),PA1705,10630,2,2
VFG000201(gb|NP_250397),PA1706,10832,2,2
VFG015128(gb|WP_003087708),PA1707,10782,2,2
VFG000203(gb|NP_250399),PA1708,11534,2,3
VFG000204(gb|NP_250400),PA1709,10813,2,3
VFG019963(gb|WP_003100769),PA1710,10746,2,3
VFG000206(gb|NP_250402),PA1711,10536,2,2
VFG019964(gb|WP_003100765),PA1712,10740,2,3
VFG000208(gb|NP_250404),PA1713,10800,2,3
VFG000209(gb|NP_250405),PA1714,10800,2,3
VFG015144(gb|WP_003109510),PA1715,10743,2,3
VFG000211(gb|NP_250407),PA1716,11521,2,3
VFG000212(gb|NP_250408),PA1717,11522,2,3
VFG019970(gb|WP_003100751),PA1718,10527,2,3
VFG000214(gb|NP_250410),PA1719,10577,2,2
VFG000215(gb|NP_250411),PA1720,10723,2,2
VFG019973(gb|WP_003122856),PA1721,10751,2,2
VFG015158(gb|WP_003120330),PA1722,10723,2,2
VFG000218(gb|NP_250414),PA1723,10795,2,3
VFG019976(gb|WP_003087734),PA1724,10782,2,3
VFG015164(gb|WP_003087735),PA1725,10784,2,2
VFG042735(gb|NP_250513),PA1822,11574,2,1
VFG041030(gb|NP_250535),PA1844,10806,2,3
VFG000145(gb|NP_250562),PA1871,11572,2,4
VFG020029(gb|WP_012614267),PA1899,10831,2,4
VFG015527(gb|NP_250591),PA1900,9864,2,3
VFG015530(gb|NP_250592),PA1901,10857,2,1
VFG015523(gb|WP_003112073),PA1905,9718,2,5
VFG050300(gb|NP_250641),PA1951,11567,2,1
VFG050299(gb|NP_250642),PA1952,10831,2,1
VFG050298(gb|NP_250643),PA1953,10824,2,1
VFG050297(gb|NP_250644),PA1954,11529,2,1
VFG050296(gb|NP_250645),PA1955,10811,2,1
VFG050295(gb|NP_250646),PA1956,10768,2,1
VFG042693(gb|NP_250818),PA2128,10718,2,1
VFG042694(gb|NP_250819),PA2129,10747,2,1
VFG042695(gb|NP_250820),PA2130,11472,2,1
VFG042696(gb|NP_250821),PA2131,11282,2,1
VFG042697(gb|NP_250822),PA2132,10746,2,1
VFG015170(gb|WP_011666674),PA2191,10908,2,3
VFG015914(gb|NP_250883),PA2193,10545,2,3
VFG015920(gb|NP_250884),PA2194,11332,2,4
VFG015926(gb|NP_250885),PA2195,11330,2,3
VFG044079(gb|NP_250944),PA2254,10562,2,1
VFG044080(gb|NP_250945),PA2255,10391,2,1
VFG044081(gb|NP_250946),PA2256,11140,2,1
VFG044082(gb|NP_250947),PA2257,10409,2,1
VFG044083(gb|NP_250948),PA2258,10467,2,1
VFG041031(gb|NP_251049),PA2359,11496,2,1
VFG041032(gb|NP_251050),PA2360,11490,2,4
VFG041033(gb|NP_251051),PA2361,11503,2,4
VFG051614(gb|WP_003131567.1),PA2362,10770,2,4
VFG041035(gb|NP_251053),PA2363,11499,2,4
VFG041036(gb|NP_251054),PA2364,10731,2,1
VFG041037(gb|NP_251055),PA2365,10741,2,1
VFG041038(gb|NP_251056),PA2366,11501,2,4
VFG041039(gb|NP_251057),PA2367,10732,2,4
VFG051636(gb|WP_012614150.1),PA2368,10729,2,4
VFG041041(gb|NP_251059),PA2369,11486,2,4
VFG041042(gb|NP_251060),PA2370,11358,2,4
VFG041043(gb|NP_251061),PA2371,11515,2,4
VFG051656(gb|WP_012614145.1),PA2373,8412,2,4
VFG044084(gb|NP_251073),PA2383,10810,2,1
VFG044085(gb|NP_251074),PA2384,10723,2,1
VFG015950(gb|NP_251075),PA2385,11485,2,4
VFG000159(gb|NP_251076),PA2386,6612,2,4
VFG044086(gb|NP_251077),PA2387,6112,2,1
VFG044087(gb|NP_251078),PA2388,6365,2,1
VFG015974(gb|WP_041025344),PA2392,4890,2,4
VFG015985(gb|WP_003103610),PA2393,5484,2,4
VFG015996(gb|WP_003122677),PA2394,9072,2,4
VFG020061(gb|WP_012614136),PA2395,10768,2,4
VFG016017(gb|WP_003148547),PA2396,4739,2,4
VFG000160(gb|NP_251087),PA2397,4031,2,2
VFG000163(gb|NP_251088),PA2398,4030,2,2
VFG000161(gb|NP_251089),PA2399,4037,2,2
VFG016038(gb|NP_251090),PA2400,4051,2,2
VFG016043(gb|WP_011666644),PA2402,9004,2,2
VFG044088(gb|NP_251102),PA2412,10708,2,1
VFG016048(gb|WP_003089638),PA2413,11494,2,4
VFG016058(gb|NP_251114),PA2424,11578,2,4
VFG020076(gb|WP_003116905),PA2425,10781,2,4
VFG016077(gb|WP_003113068),PA2426,10750,2,3
VFG016087(gb|NP_251117),PA2427,6039,2,3
VFG015080(gb|NP_251276),PA2586,10834,2,4
VFG051484(gb|NP_251374.1),PA2684,11570,2,4
VFG041046(gb|NP_251392),PA2702,10749,2,4
VFG043480(gb|NP_251450),PA2760,11391,2,1
VFG051829(gb|WP_003138819.1),PA2774,10735,2,2
VFG013950(gb|WP_003091119),PA2960,10800,2,3
VFG000174(gb|NP_251785),PA3095,10789,2,1
VFG000175(gb|NP_251786),PA3096,11553,2,1
VFG000176(gb|NP_251787),PA3097,11183,2,1
VFG000177(gb|NP_251788),PA3098,10820,2,1
VFG000178(gb|NP_251789),PA3099,10781,2,1
VFG000179(gb|NP_251790),PA3100,10808,2,1
VFG000180(gb|NP_251791),PA3101,10807,2,1
VFG000181(gb|NP_251792),PA3102,11561,2,1
VFG000182(gb|NP_251793),PA3103,11577,2,1
VFG000183(gb|NP_251794),PA3104,10843,2,1
VFG000184(gb|NP_251795),PA3105,8847,2,1
VFG001230(gb|NP_251805),PA3115,11519,2,3
VFG019790(gb|WP_003122257),PA3141,11315,2,4
VFG014116(gb|NP_251832),PA3142,1285,2,1
VFG014115(gb|YP_008719764),PA3143,1454,2,1
VFG014113(gb|NP_251835),PA3145,1430,2,1
VFG014112(gb|NP_251836),PA3146,1329,2,1
VFG014111(gb|NP_251837),PA3147,1431,2,1
VFG014110(gb|NP_251838),PA3148,1428,2,1
VFG014109(gb|NP_251839),PA3149,1428,2,1
VFG014108(gb|NP_251840),PA3150,1427,2,1
VFG014107(gb|NP_251841),PA3151,1324,2,1
VFG014106(gb|NP_251842),PA3152,1326,2,1
VFG014105(gb|NP_251843),PA3153,1429,2,1
VFG000138(gb|NP_251844),PA3154,1431,2,1
VFG014103(gb|NP_251845),PA3155,1429,2,1
VFG014102(gb|NP_251846),PA3156,1324,2,1
VFG014101(gb|NP_251847),PA3157,1429,2,1
VFG014100(gb|NP_251848),PA3158,1328,2,1
VFG014099(gb|NP_251849),PA3159,1429,2,1
VFG000137(gb|NP_251850),PA3160,1432,2,1
VFG015852(gb|NP_252009),PA3319,11579,2,4
VFG043017(gb|NP_252038),PA3348,10854,2,1
VFG043018(gb|NP_252039),PA3349,10893,2,1
VFG014644(gb|WP_003091731),PA3350,10842,2,3
VFG019869(gb|WP_003098742),PA3351,10797,2,4
VFG014668(gb|NP_252042),PA3352,10811,2,3
VFG044089(gb|NP_252094),PA3404,11525,2,1
VFG044090(gb|NP_252095),PA3405,11525,2,1
VFG044091(gb|NP_252096),PA3406,11520,2,1
VFG044092(gb|NP_252097),PA3407,10784,2,1
VFG044093(gb|NP_252098),PA3408,11526,2,1
VFG044094(gb|NP_252099),PA3409,10884,2,1
VFG044095(gb|NP_252100),PA3410,10755,2,1
VFG019935(gb|WP_003111059),PA3476,10691,2,3
VFG015049(gb|WP_003119559),PA3477,10724,2,4
VFG000155(gb|NP_252168),PA3478,11505,2,4
VFG019930(gb|WP_003092013),PA3479,10828,2,4
VFG041047(gb|NP_252174),PA3484,11579,2,4
VFG015859(gb|NP_252177),PA3487,3757,2,2
VFG014735(gb|WP_003138116),PA3526,10925,2,3
VFG000122(gb|NP_252230),PA3540,11579,2,4
VFG000123(gb|NP_252231),PA3541,11579,2,4
VFG000124(gb|NP_252232),PA3542,11579,2,4
VFG000125(gb|NP_252233),PA3543,11579,2,4
VFG000126(gb|NP_252234),PA3544,11579,2,4
VFG000127(gb|NP_252235),PA3545,11579,2,4
VFG000128(gb|NP_252236),PA3546,11579,2,4
VFG000129(gb|NP_252237),PA3547,11579,2,4
VFG000130(gb|NP_252238),PA3548,11579,2,4
VFG000131(gb|NP_252239),PA3549,11578,2,4
VFG000132(gb|NP_252240),PA3550,10836,2,4
VFG000133(gb|NP_252241),PA3551,11579,2,7
VFG043648(gb|NP_252312),PA3622,11459,2,1
VFG015000(gb|NP_252339),PA3649,11579,2,4
VFG000146(gb|NP_252413),PA3724,11575,2,4
VFG013823(gb|WP_003092804),PA3805,10850,2,3
VFG000147(gb|NP_252530),PA3841,8635,2,2
VFG042140(gb|NP_252531),PA3842,10646,2,1
VFG019923(gb|WP_003093256),PA4033,10772,2,3
VFG042698(gb|NP_252770),PA4081,11453,2,1
VFG042699(gb|NP_252771),PA4082,11431,2,1
VFG042700(gb|NP_252772),PA4083,10724,2,1
VFG042701(gb|NP_252773),PA4084,11418,2,1
VFG042702(gb|NP_252774),PA4085,10695,2,1
VFG042703(gb|NP_252775),PA4086,10664,2,1
VFG015846(gb|NP_252864),PA4175,11548,2,4
VFG020036(gb|WP_003093617),PA4209,11506,2,3
VFG015503(gb|NP_252899),PA4210,10826,2,3
VFG015506(gb|NP_252900),PA4211,10133,2,4
VFG015509(gb|NP_252901),PA4212,10857,2,6
VFG015512(gb|NP_252902),PA4213,10109,2,6
VFG015515(gb|NP_252903),PA4214,11486,2,6
VFG020027(gb|WP_003117652),PA4215,10120,2,5
VFG015521(gb|NP_252906),PA4216,9718,2,1
VFG000173(gb|NP_252907),PA4217,11551,2,4
VFG044096(gb|NP_252908),PA4218,11552,2,1
VFG044097(gb|NP_252909),PA4219,11554,2,1
VFG044098(gb|NP_252910),PA4220,10671,2,1
VFG000164(gb|NP_252911),PA4221,11560,2,4
VFG001266(gb|NP_252912),PA4222,11558,2,4
VFG001267(gb|NP_252913),PA4223,11546,2,4
VFG001268(gb|NP_252914),PA4224,11516,2,4
VFG000165(gb|NP_252915),PA4225,11570,2,4
VFG000166(gb|NP_252916),PA4226,11577,2,4
VFG020091(gb|WP_003106955),PA4227,10874,2,3
VFG000168(gb|NP_252918),PA4228,11579,2,4
VFG000169(gb|NP_252919),PA4229,10849,2,3
VFG000170(gb|NP_252920),PA4230,10785,2,4
VFG000171(gb|NP_252921),PA4231,11575,2,3
VFG042740(gb|NP_252983),PA4293,11543,2,1
VFG042741(gb|NP_252984),PA4294,10843,2,1
VFG042742(gb|NP_252985),PA4295,10806,2,1
VFG042743(gb|NP_252986),PA4296,10871,2,1
VFG042744(gb|NP_252987),PA4297,11577,2,1
VFG042745(gb|NP_252988),PA4298,10785,2,1
VFG042746(gb|NP_252989),PA4299,10834,2,1
VFG042747(gb|NP_252990),PA4300,10897,2,1
VFG042748(gb|NP_252991),PA4301,10848,2,1
VFG042749(gb|NP_252992),PA4302,11576,2,1
VFG042750(gb|NP_252993),PA4303,11576,2,1
VFG042751(gb|NP_252994),PA4304,11576,2,1
VFG042752(gb|NP_252995),PA4305,10859,2,1
VFG042753(gb|NP_252996),PA4306,10400,2,1
VFG014986(gb|WP_003094320),PA4446,11579,2,4
VFG042736(gb|NP_253152),PA4462,11579,2,1
VFG000111(gb|NP_253215),PA4525,2585,2,1
VFG019728(gb|WP_003122078),PA4526,6198,2,4
VFG000114(gb|NP_253218),PA4528,10879,2,4
VFG043810(gb|NP_253231),PA4541,11422,2,1
VFG001213(gb|NP_253236),PA4546,11577,2,3
VFG001214(gb|NP_253237),PA4547,11576,2,6
VFG019756(gb|WP_003161431),PA4549,8809,2,2
VFG001216(gb|NP_253240),PA4550,8809,2,1
VFG019747(gb|WP_003119423),PA4551,8815,2,3
VFG001208(gb|NP_253242),PA4552,7972,2,2
VFG001209(gb|NP_253243),PA4553,8688,2,2
VFG001210(gb|NP_253244),PA4554,9298,2,2
VFG001211(gb|NP_253245),PA4555,8797,2,2
VFG001212(gb|NP_253246),PA4556,8775,2,3
VFG044030(gb|NP_253337),PA4648,10833,2,1
VFG044445(gb|NP_253338),PA4649,10828,2,1
VFG044446(gb|NP_253339),PA4650,10833,2,1
VFG044447(gb|NP_253340),PA4651,10858,2,1
VFG044448(gb|NP_253341),PA4652,11570,2,1
VFG044449(gb|NP_253342),PA4653,10902,2,1
VFG044099(gb|NP_253393),PA4705,10874,2,1
VFG044100(gb|NP_253394),PA4706,10868,2,1
VFG044101(gb|NP_253395),PA4707,11086,2,1
VFG044102(gb|NP_253396),PA4708,10884,2,1
VFG044103(gb|NP_253397),PA4709,11579,2,1
VFG044104(gb|NP_253398),PA4710,11579,2,1
VFG014681(gb|NP_253640),PA4953,11552,2,4
VFG014694(gb|NP_253641),PA4954,10869,2,2
VFG042738(gb|NP_253646),PA4959,11579,2,1
VFG000141(gb|NP_253675),PA4988,11578,2,1
VFG000140(gb|NP_253696),PA5009,10864,2,1
VFG000139(gb|NP_253697),PA5010,11576,2,1
VFG000142(gb|NP_253698),PA5011,11576,2,1
VFG000143(gb|NP_253699),PA5012,11576,2,1
VFG001218(gb|NP_253727),PA5040,9460,2,4
VFG001219(gb|NP_253728),PA5041,8854,2,3
VFG001220(gb|NP_253729),PA5042,8861,2,3
VFG001221(gb|NP_253730),PA5043,8859,2,4
VFG001222(gb|NP_253731),PA5044,11575,2,4
VFG051661(gb|WP_012614635.1),PA5089,11562,2,3
VFG042297(gb|NP_253799),PA5112,11574,2,1
VFG019926(gb|WP_003099228),PA5253,9504,2,3
VFG000118(gb|NP_253942),PA5255,10831,2,4
VFG014965(gb|WP_003096397),PA5261,10862,2,3
VFG000120(gb|NP_253949),PA5262,11570,2,3
VFG051496(gb|WP_003083317.1),PA5267,9975,2,4
VFG014893(gb|NP_254009),PA5322,11579,2,4
VFG042739(gb|NP_254019),PA5332,10869,2,1
VFG000116(gb|NP_254170),PA5483,11579,2,1
VFG000433(gb|NP_490508),PSLT016,1,1,1
VFG000434(gb|NP_490509),PSLT017,1,1,1
VFG008258(gb|NP_216932),Rv2416c,1,1,1
VFG007849(gb|NP_217449),Rv2933,1,1,1
VFG031348(gb|NP_217787),Rv3270,280,2,1
VFG018113(gb|YP_498852),SAOUHSC_00258,1,1,1
VFG004595(gb|YP_499118),SAOUHSC_00545,1,1,1
VFG004504(gb|YP_499969),SAOUHSC_01447,8,2,1
VFG004855(gb|YP_500454),SAOUHSC_01955,1,1,1
VFG004614(gb|YP_501261),SAOUHSC_02802,2,1,1
VFG004622(gb|YP_501262),SAOUHSC_02803,1,1,1
VFG013004(gb|NP_706438),SF0495,1,1,1
VFG013010(gb|NP_706439),SF0496,1,1,1
VFG012986(gb|NP_706449),SF0508,1,1,1
VFG000618(gb|NP_709457),SF3718,1,1,1
VFG042608(gb|NP_459033),STM0028,1,1,1
VFG041090(gb|NP_459263),STM0266,1,1,1
VFG041091(gb|NP_459264),STM0267,1,1,1
VFG042313(gb|NP_459562),STM0570,1,1,1
VFG000478(gb|NP_459678),STM0693,1,1,1
VFG000465(gb|NP_460064),STM1091,1,1,1
VFG002306(gb|NP_461449),STM2514,1,1,1
VFG000538(gb|NP_461797),STM2876,1,1,1
VFG000543(gb|NP_461803),STM2882,1,1,1
VFG000546(gb|NP_461806),STM2885,1,1,1
VFG000452(gb|NP_462537),STM3636,1,1,1
VFG000453(gb|NP_462538),STM3637,1,1,1
VFG000454(gb|NP_462539),STM3638,1,1,1
VFG000574(gb|NP_462662),STM3763,1,1,1
VFG004355(gb|NP_463449),STM4593,1,1,1
VFG018205(gb|NP_414826),b0292,1,1,1
VFG018198(gb|NP_414827),b0293,1,1,1
VFG045917(gb|NP_415461),b0941,1,1,1
VFG012458(gb|YP_026164),b2000,1,1,1
VFG012270(gb|NP_418733),b4313,1,1,1
VFG012298(gb|NP_418737),b4317,2,2,1
VFG000113,,1880,2,
VFG000115(gb|NP_249839),,11354,2,
VFG000144(gb|NP_249940),,11566,2,
VFG000151(gb|NP_250121),,10679,2,
VFG000154(gb|NP_250123),,10684,2,
VFG000185(gb|NP_250381),,11538,2,
VFG000186(gb|NP_250382),,10818,2,
VFG000187(gb|NP_250383),,10598,2,
VFG000188(gb|NP_250384),,10803,2,
VFG000189(gb|NP_250385),,10859,2,
VFG000190(gb|NP_250386),,10298,2,
VFG000191(gb|NP_250387),,10745,2,
VFG000229,,1,1,
VFG000358(gb|WP_002212885),,2,1,
VFG000363(gb|WP_002212775),,1,1,
VFG000366(gb|WP_002212761),,1,1,
VFG000872(gb|WP_000044711),,1,1,
VFG000876(gb|WP_000120946),,2,2,
VFG000917(gb|WP_000089583),,1,1,
VFG000931(gb|WP_001336900),,2,1,
VFG000937(gb|WP_000750139),,1,1,
VFG000979(gb|WP_010921857),,1,1,
VFG001256(gb|NP_250134),,10961,2,
VFG001257(gb|NP_250135),,10807,2,
VFG001258(gb|NP_250136),,10803,2,
VFG001259(gb|NP_250137),,10844,2,
VFG001260(gb|NP_250138),,10580,2,
VFG001261(gb|NP_250139),,10788,2,
VFG001262(gb|NP_250140),,11571,2,
VFG001263(gb|NP_250143),,11574,2,
VFG001264(gb|NP_250144),,11562,2,
VFG001265(gb|NP_250145),,10838,2,
VFG001280(gb|WP_000934435),,1,1,
VFG001282(gb|WP_000841389),,2,1,
VFG001283(gb|WP_000794648),,2,1,
VFG001291(gb|WP_001039417),,2,1,
VFG001305(gb|WP_001034053),,1,1,
VFG001308(gb|WP_001291010),,3,1,
VFG001444(gb|AAG10151),,1,1,
VFG002044(gb|WP_010930609),,2,2,
VFG002055(gb|WP_000097229),,1,1,
VFG002056,,1,1,
VFG002101(gb|WP_010948213),,1,1,
VFG002179(gb|AAD09858),,1,1,
VFG002406(gb|WP_000728972),,1,1,
VFG002409(gb|WP_000549274),,1,1,
VFG002414(gb|WP_000730972),,1,1,
VFG002420(gb|WP_000645781),,1,1,
VFG003114(gb|WP_000784549),,2,1,
VFG003250(gb|WP_002212775),,1,1,
VFG003385(gb|WP_002212775),,1,1,
VFG003499(gb|WP_011816644),,2,1,
VFG003504(gb|WP_011816641),,1,1,
VFG003507(gb|WP_005168689),,1,1,
VFG003676(gb|WP_001120092),,1,1,
VFG003678(gb|WP_001120088),,1,1,
VFG003781(gb|WP_000258814),,1,1,
VFG003783(gb|WP_000258813),,1,1,
VFG003784(gb|WP_001540781),,1,1,
VFG003791(gb|WP_000245782),,1,1,
VFG003793(gb|WP_000245781),,1,1,
VFG003794(gb|WP_001540783),,1,1,
VFG003801(gb|WP_001166955),,1,1,
VFG003803(gb|WP_001166948),,1,1,
VFG004039(gb|WP_000131278),,1,1,
VFG004041(gb|WP_000131279),,1,1,
VFG004042(gb|WP_001541138),,1,1,
VFG004181(gb|WP_001541093),,1,1,
VFG004183(gb|WP_001541094),,1,1,
VFG004185,,1,1,
VFG004299(gb|WP_024133661),,1,1,
VFG004300(gb|WP_024131208),,1,1,
VFG004301(gb|WP_000981791),,1,1,
VFG004302(gb|WP_000981804),,1,1,
VFG004356,,1,1,
VFG004358(gb|WP_001160713),,1,1,
VFG004359(gb|WP_001541508),,1,1,
VFG004407(gb|WP_001038509),,1,1,
VFG004409(gb|WP_001541550),,1,1,
VFG004448(gb|WP_001540608),,1,1,
VFG004502(gb|WP_001109328),,8,2,
VFG004503,,1,1,
VFG004505,,8,2,
VFG004507,,5,2,
VFG004508(gb|WP_001109390),,8,2,
VFG004510,,8,2,
VFG004511(gb|WP_001109341),,8,2,
VFG004512(gb|WP_001109333),,8,2,
VFG004594(gb|WP_000934424),,1,1,
VFG004596(gb|WP_000934467),,1,1,
VFG004597(gb|WP_000934439),,1,1,
VFG004598(gb|WP_000934467),,1,1,
VFG004600(gb|WP_000934424),,1,1,
VFG004610(gb|WP_001039419),,2,1,
VFG004611(gb|WP_001039406),,2,1,
VFG004613(gb|WP_000841422),,2,1,
VFG004615(gb|WP_000841404),,1,1,
VFG004616(gb|WP_000841390),,2,1,
VFG004620(gb|WP_000794589),,1,1,
VFG004621(gb|WP_000794654),,1,1,
VFG004623(gb|WP_000794614),,1,1,
VFG004625(gb|WP_000794580),,1,1,
VFG004732(gb|WP_001548082),,2,1,
VFG004733(gb|WP_011382230),,2,1,
VFG004736(gb|WP_001793574),,2,1,
VFG004737(gb|WP_001643461),,2,1,
VFG004738(gb|WP_000141557),,2,1,
VFG004853(gb|WP_000473596),,1,1,
VFG004854(gb|WP_000473600),,1,1,
VFG004856(gb|WP_000473596),,1,1,
VFG004886(gb|WP_000673051),,1,1,
VFG004904,,1,1,
VFG004906(gb|WP_000778477),,1,1,
VFG004936(gb|WP_000673051),,1,1,
VFG004978(gb|WP_010922839),,1,1,
VFG005058(gb|WP_001034059),,1,1,
VFG005062(gb|WP_001045642),,1,1,
VFG005074(gb|WP_001085819),,2,1,
VFG005079(gb|WP_000239647),,2,1,
VFG005085(gb|WP_001291022),,3,1,
VFG005090(gb|WP_001291020),,3,1,
VFG005091(gb|WP_001291014),,3,1,
VFG005095(gb|WP_001291016),,3,1,
VFG005157(gb|WP_011529060),,1,1,
VFG005158(gb|WP_011285221),,1,1,
VFG005515(gb|WP_002994926),,1,1,
VFG005517(gb|WP_002991468),,1,1,
VFG005518(gb|WP_002994926),,1,1,
VFG005520(gb|WP_002994926),,1,1,
VFG005521(gb|WP_002981947),,1,1,
VFG005522(gb|WP_002991468),,1,1,
VFG005525(gb|WP_002981947),,1,1,
VFG005526(gb|WP_011285340),,1,1,
VFG005671(gb|WP_020833236),,1,1,
VFG005672(gb|WP_011054152),,1,1,
VFG005674,,1,1,
VFG005675(gb|WP_002991212),,1,1,
VFG005677(gb|WP_041174247),,1,1,
VFG005678(gb|WP_010921857),,1,1,
VFG006137(gb|WP_173024112),,1,1,
VFG006138(gb|WP_173024113),,1,1,
VFG007775(gb|WP_011894256),,2,1,
VFG007830(gb|WP_011894255),,1,1,
VFG007851(gb|WP_003899548),,1,1,
VFG007852(gb|WP_003414837),,1,1,
VFG007914(gb|WP_011780329),,30,1,
VFG008259(gb|WP_003412375),,1,1,
VFG008261(gb|WP_010950714),,1,1,
VFG008351(gb|WP_011740948),,1,1,
VFG008874(gb|WP_015288408),,1,1,
VFG008875(gb|WP_015303644),,1,1,
VFG008876(gb|WP_015291057),,1,1,
VFG008877(gb|WP_015294040),,1,1,
VFG008881(gb|WP_003414837),,1,1,
VFG008884(gb|WP_009938592),,1,1,
VFG008889(gb|WP_003414837),,1,1,
VFG009374(gb|WP_010908479),,19,1,
VFG009423(gb|WP_011856686),,37,2,
VFG009424(gb|WP_011561489),,37,2,
VFG009488,,5,2,
VFG009489(gb|WP_011724535),,4,1,
VFG009584(gb|WP_003873185),,1,1,
VFG009585(gb|WP_011724227),,1,1,
VFG009701(gb|WP_010948769),,1,1,
VFG009702(gb|WP_003872294),,1,1,
VFG009815(gb|WP_162830471),,106,2,
VFG009816(gb|WP_165928405),,106,2,
VFG009819(gb|WP_041799901),,10531,2,
VFG009820(gb|WP_036377494),,106,2,
VFG009862(gb|WP_071498255),,1,1,
VFG009865(gb|WP_041307013),,6,1,
VFG009930(gb|WP_011779804),,7,1,
VFG010698(gb|WP_080020091),,1,1,
VFG010699(gb|WP_011216393),,1,1,
VFG010939(gb|WP_148265616),,1,1,
VFG010940(gb|WP_041937492),,1,1,
VFG011118(gb|WP_010930609),,2,2,
VFG011119(gb|WP_010930609),,2,2,
VFG011158(gb|WP_012415798),,1,1,
VFG011257,,1,1,
VFG011258,,1,1,
VFG011259(gb|WP_003811905),,1,1,
VFG011288(gb|WP_012417360),,1,1,
VFG012252(gb|WP_001535784),,1,1,
VFG012271(gb|WP_000044700),,1,1,
VFG012274(gb|WP_000044708),,1,1,
VFG012275(gb|WP_000044708),,1,1,
VFG012299(gb|WP_000120982),,2,2,
VFG012302(gb|WP_000120951),,2,2,
VFG012303(gb|WP_000120954),,2,2,
VFG012454(gb|WP_000820483),,1,1,
VFG012456(gb|WP_000820518),,1,1,
VFG012457(gb|WP_000820443),,1,1,
VFG012459(gb|WP_000820423),,1,1,
VFG012460(gb|WP_000820396),,1,1,
VFG012518(gb|WP_000973517),,1,1,
VFG012520(gb|WP_012006523),,1,1,
VFG012535(gb|WP_001327263),,1,1,
VFG012536(gb|WP_001295637),,1,1,
VFG012537(gb|WP_001304269),,1,1,
VFG012538(gb|WP_001350678),,1,1,
VFG012548(gb|WP_000623031),,1,1,
VFG012549(gb|WP_000623043),,1,1,
VFG012550(gb|WP_000623043),,1,1,
VFG012567(gb|WP_000784549),,2,1,
VFG012569(gb|WP_000784554),,2,1,
VFG012570(gb|WP_000784540),,2,1,
VFG012597(gb|WP_000089593),,1,1,
VFG012600(gb|WP_000089598),,1,1,
VFG012601(gb|WP_000089584),,1,1,
VFG012602(gb|WP_000089584),,1,1,
VFG012865,,7,2,
VFG012912(gb|WP_000094969),,1,1,
VFG012914(gb|WP_000942800),,1,1,
VFG012961(gb|WP_000750138),,1,1,
VFG012962(gb|WP_000750143),,1,1,
VFG012985(gb|WP_000026832),,1,1,
VFG012988(gb|WP_000026772),,1,1,
VFG012989(gb|WP_000026762),,1,1,
VFG012990(gb|WP_000026810),,1,1,
VFG012991(gb|WP_000381303),,2,1,
VFG012992,,2,1,
VFG012993,,2,1,
VFG012994,,2,1,
VFG012995(gb|WP_004980869),,2,1,
VFG012996(gb|WP_005141144),,2,1,
VFG013003(gb|WP_005019349),,1,1,
VFG013005(gb|WP_001506608),,1,1,
VFG013008(gb|WP_001370282),,1,1,
VFG013012(gb|WP_001034936),,1,1,
VFG013064(gb|WP_000089574),,1,1,
VFG013733(gb|WP_003854229),,8,1,
VFG013762(gb|WP_003141352),,3564,2,
VFG013784(gb|WP_016254080),,1422,2,
VFG013810(gb|WP_003116267),,2024,2,
VFG013925(gb|WP_016254061),,2038,2,
VFG013931(gb|WP_003116263),,2029,2,
VFG013937(gb|WP_003141555),,2144,2,
VFG013962(gb|WP_003141552),,2027,2,
VFG013972(gb|WP_034028141),,24,2,
VFG014063(gb|WP_011105280),,9,2,
VFG014064(gb|WP_011266435),,1,1,
VFG014065(gb|WP_011167502),,1,1,
VFG014069(gb|WP_011063997),,2,1,
VFG014070(gb|WP_011336362),,1,1,
VFG014072(gb|WP_011914954),,5,2,
VFG014118(gb|WP_012075024),,253,2,
VFG014119(gb|WP_012075025),,221,2,
VFG014120(gb|WP_042169654),,253,2,
VFG014122(gb|WP_003150874),,253,2,
VFG014123(gb|WP_003150878),,216,2,
VFG014124(gb|WP_012075029),,253,2,
VFG014125(gb|WP_012075030),,253,2,
VFG014126(gb|WP_012075031),,253,2,
VFG014127(gb|WP_012075032),,255,2,
VFG014128(gb|WP_012075033),,217,2,
VFG014129(gb|WP_003150889),,254,2,
VFG014130(gb|WP_012075034),,254,2,
VFG014131(gb|WP_025297833),,248,2,
VFG014132(gb|WP_012075036),,258,2,
VFG014133(gb|WP_012075037),,951,2,
VFG014134(gb|WP_003150897),,990,2,
VFG014136(gb|WP_011666598),,291,2,
VFG014137(gb|WP_003138472),,291,2,
VFG014138(gb|WP_003138473),,291,2,
VFG014139(gb|WP_003138474),,292,2,
VFG014140(gb|WP_016254249),,288,2,
VFG014141(gb|WP_003138476),,274,2,
VFG014142(gb|WP_016254248),,291,2,
VFG014143(gb|WP_003138478),,290,2,
VFG014144(gb|WP_003138479),,291,2,
VFG014145(gb|WP_003138480),,277,2,
VFG014146(gb|WP_003138482),,291,2,
VFG014279(gb|WP_012076722),,1,1,
VFG014292(gb|WP_012076715),,6079,2,
VFG014344(gb|WP_003152328),,1,1,
VFG014416(gb|WP_011534909),,1,1,
VFG014420(gb|WP_013983230),,1,1,
VFG014473(gb|NP_250132),,11570,2,
VFG014486(gb|NP_250133),,10818,2,
VFG014629(gb|NP_250146),,10830,2,
VFG014707(gb|NP_250151),,10830,2,
VFG014720(gb|NP_250152),,10867,2,
VFG014754(gb|WP_011535583),,1,1,
VFG014755(gb|WP_011059377),,1,1,
VFG014849(gb|WP_010952409),,1,1,
VFG014851(gb|WP_011535591),,1,1,
VFG015070(gb|WP_011103673),,10,1,
VFG015075(gb|WP_011532652),,70,2,
VFG015165(gb|WP_003134060),,2868,2,
VFG015260(gb|WP_162885235),,144,2,
VFG015261(gb|WP_004656243),,144,2,
VFG015383(gb|WP_011064245),,17,2,
VFG015433,,11097,2,
VFG015685(gb|WP_012315524),,1,1,
VFG015737(gb|WP_012312817),,1,1,
VFG015753(gb|WP_012312809),,1,1,
VFG015782(gb|WP_012270935),,30,2,
VFG015819(gb|WP_012315373),,3,1,
VFG015822(gb|WP_190273339),,2,2,
VFG015826(gb|WP_012273396),,10628,2,
VFG015827(gb|WP_012315395),,80,2,
VFG015904(gb|WP_164920479),,4603,2,
VFG015905(gb|WP_164920559),,3605,2,
VFG015906(gb|WP_011267825),,6316,2,
VFG015908(gb|WP_164920478),,101,2,
VFG016021(gb|WP_003148545),,5034,2,
VFG016034(gb|WP_011267346),,1,1,
VFG016035(gb|WP_011168293),,1,1,
VFG016036(gb|WP_010954974),,45,2,
VFG016037(gb|WP_011062375),,4250,2,
VFG016039(gb|WP_012075665),,4742,2,
VFG016042(gb|WP_161440564),,7531,2,
VFG016044(gb|WP_011534374),,10581,2,
VFG016045(gb|WP_011062374),,10466,2,
VFG016062(gb|WP_165446461),,1585,2,
VFG016066(gb|WP_011533065),,10477,2,
VFG016067(gb|WP_011062464),,6273,2,
VFG016072(gb|WP_044390135),,2,1,
VFG016073(gb|WP_011267336),,2,1,
VFG016088(gb|WP_012075637),,618,2,
VFG016094(gb|WP_012075666),,2661,2,
VFG016103(gb|WP_011333998),,4,1,
VFG016108(gb|WP_011061774),,10331,2,
VFG016119(gb|WP_011061772),,1,1,
VFG016123(gb|WP_011061773),,10723,2,
VFG016155(gb|WP_041025357),,1,1,
VFG016158(gb|WP_012075848),,1,1,
VFG016163(gb|WP_012075853),,1,1,
VFG016598(gb|WP_011113852),,9,2,
VFG016789(gb|WP_011179056),,1,1,
VFG017085(gb|WP_000473593),,1,1,
VFG017108(gb|WP_000794607),,1,1,
VFG017111(gb|WP_000934463),,1,1,
VFG017120(gb|WP_001109369),,8,2,
VFG017218,,2,1,
VFG017220,,1,1,
VFG017224(gb|WP_000934419),,1,1,
VFG017242,,8,2,
VFG017626(gb|WP_041180119),,1,1,
VFG017627(gb|WP_003412375),,1,1,
VFG017629(gb|WP_003412375),,1,1,
VFG017634(gb|WP_024753930),,1,1,
VFG018103(gb|WP_000728958),,1,1,
VFG018105(gb|WP_000728955),,1,1,
VFG018110(gb|WP_000728940),,1,1,
VFG018114(gb|WP_000728969),,1,1,
VFG018143(gb|WP_000549278),,1,1,
VFG018154(gb|WP_000549287),,1,1,
VFG018161(gb|WP_000549309),,1,1,
VFG018165(gb|WP_000549269),,1,1,
VFG018166(gb|WP_000549278),,1,1,
VFG018201(gb|WP_000730985),,1,1,
VFG018202(gb|WP_000730982),,1,1,
VFG018203(gb|WP_000095070),,1,1,
VFG018204(gb|WP_000730982),,1,1,
VFG018207(gb|WP_000716404),,1,1,
VFG018208(gb|WP_000716404),,1,1,
VFG018209(gb|WP_000716404),,1,1,
VFG018308(gb|WP_001160719),,1,1,
VFG018321,,1,1,
VFG018348,,1,1,
VFG018349(gb|WP_000914251),,1,1,
VFG018391(gb|WP_000837127),,1,1,
VFG018403(gb|WP_000131294),,1,1,
VFG018496(gb|WP_001166949),,1,1,
VFG018499(gb|WP_000245788),,1,1,
VFG018503(gb|WP_000258818),,1,1,
VFG018766(gb|WP_200858480),,1,1,
VFG018768(gb|WP_164732682),,1,1,
VFG018769(gb|WP_164729439),,1,1,
VFG018921(gb|WP_012229554),,1,1,
VFG018924(gb|WP_012229555),,1,1,
VFG019674,,1,1,
VFG019726(gb|WP_003122079),,2333,2,
VFG019729(gb|WP_003107299),,6059,2,
VFG019772(gb|WP_015886333),,25,1,
VFG019780(gb|WP_014602695),,3096,2,
VFG019781(gb|WP_012613866),,3091,2,
VFG019782(gb|WP_003163315),,3091,2,
VFG019783(gb|WP_012613867),,3091,2,
VFG019784(gb|WP_172668778),,2959,2,
VFG019785(gb|WP_012613869),,3095,2,
VFG019786(gb|WP_003122253),,3091,2,
VFG019787(gb|WP_003122254),,3091,2,
VFG019788(gb|WP_016253165),,2960,2,
VFG019789(gb|WP_003452706),,3091,2,
VFG019828(gb|WP_015885195),,1,1,
VFG019942(gb|WP_012724914),,74,2,
VFG020065(gb|WP_012614134),,2422,2,
VFG020069(gb|WP_148235954),,2432,2,
VFG020070(gb|WP_012614131),,2345,2,
VFG020071(gb|WP_012723748),,10763,2,
VFG020073(gb|WP_043205221),,2142,2,
VFG020077(gb|WP_015885148),,10697,2,
VFG020079(gb|WP_015885149),,2,1,
VFG020082(gb|WP_025208403),,2418,2,
VFG020161(gb|WP_000942800),,1,1,
VFG020167(gb|WP_000750143),,1,1,
VFG020171(gb|WP_000026762),,1,1,
VFG020172(gb|WP_012421470),,2,1,
VFG020317(gb|WP_012614130),,2482,2,
VFG020422(gb|WP_001120085),,1,1,
VFG020423(gb|WP_001120077),,1,1,
VFG020427(gb|WP_001120085),,1,1,
VFG020428(gb|WP_001120090),,1,1,
VFG020610(gb|WP_000258808),,1,1,
VFG020611(gb|WP_000258824),,1,1,
VFG020612(gb|WP_000258819),,1,1,
VFG020614(gb|WP_000258805),,1,1,
VFG020615(gb|WP_000258819),,1,1,
VFG020617(gb|WP_000258807),,1,1,
VFG020627(gb|WP_000245785),,1,1,
VFG020628(gb|WP_000245788),,1,1,
VFG020629(gb|WP_000245782),,1,1,
VFG020630(gb|WP_000245788),,1,1,
VFG020632(gb|WP_000245787),,1,1,
VFG020633(gb|WP_000245788),,1,1,
VFG020634(gb|WP_000245782),,1,1,
VFG020635(gb|WP_000245782),,1,1,
VFG020647(gb|WP_001166961),,1,1,
VFG020648(gb|WP_001166952),,1,1,
VFG020649(gb|WP_001166949),,1,1,
VFG020650(gb|WP_001166951),,1,1,
VFG020651(gb|WP_001166950),,1,1,
VFG020652(gb|WP_001166962),,1,1,
VFG020653(gb|WP_001166958),,1,1,
VFG021052(gb|WP_000131297),,1,1,
VFG021053(gb|WP_000131302),,1,1,
VFG021054(gb|WP_000131291),,1,1,
VFG021055(gb|WP_000131287),,1,1,
VFG021056(gb|WP_000131277),,1,1,
VFG021057(gb|WP_000131284),,1,1,
VFG021058(gb|WP_000131298),,1,1,
VFG021059(gb|WP_000131296),,1,1,
VFG021120,,1,1,
VFG021121(gb|WP_000375804),,1,1,
VFG021122,,1,1,
VFG021123,,1,1,
VFG021124,,1,1,
VFG021125(gb|WP_000375785),,1,1,
VFG021126(gb|WP_000375782),,1,1,
VFG021335(gb|WP_000792956),,1,1,
VFG021336(gb|WP_000792960),,1,1,
VFG021337(gb|WP_000792957),,1,1,
VFG021339(gb|WP_000792958),,1,1,
VFG021341(gb|WP_000792957),,1,1,
VFG021342(gb|WP_000914256),,1,1,
VFG021344(gb|WP_000914254),,1,1,
VFG021346(gb|WP_000914254),,1,1,
VFG021348(gb|WP_000914255),,1,1,
VFG021349(gb|WP_000220309),,1,1,
VFG021350(gb|WP_000220316),,1,1,
VFG021351,,1,1,
VFG021352(gb|WP_000220313),,1,1,
VFG021353,,1,1,
VFG021355(gb|WP_000220311),,1,1,
VFG021516(gb|WP_000981787),,1,1,
VFG021517(gb|WP_000981798),,1,1,
VFG021518(gb|WP_000981797),,1,1,
VFG021519(gb|WP_000981799),,1,1,
VFG021520(gb|WP_000981789),,1,1,
VFG021521(gb|WP_000981807),,1,1,
VFG021620(gb|WP_001160718),,1,1,
VFG021621(gb|WP_001160699),,1,1,
VFG021622(gb|WP_001160704),,1,1,
VFG021623(gb|WP_001160707),,1,1,
VFG021624(gb|WP_001160707),,1,1,
VFG021625(gb|WP_001160707),,1,1,
VFG021626(gb|WP_001160700),,1,1,
VFG021632,,1,1,
VFG021743(gb|WP_000007887),,1,1,
VFG021820(gb|WP_003893504),,10459,2,
VFG021860(gb|WP_011726611),,1,1,
VFG022385(gb|WP_041319509),,506,2,
VFG022392(gb|WP_013829148),,539,1,
VFG022415(gb|WP_014001494),,1,1,
VFG022563(gb|WP_041180119),,1,1,
VFG022934(gb|WP_020726450),,1,1,
VFG022941(gb|WP_013827874),,10671,2,
VFG023254(gb|WP_013826991),,86,2,
VFG023837(gb|WP_011894256),,2,1,
VFG023843(gb|WP_013471682),,1,1,
VFG024002(gb|WP_008255566),,4,1,
VFG024003(gb|WP_008255566),,4,1,
VFG024004(gb|WP_014382296),,4,1,
VFG024006(gb|WP_014379795),,2,1,
VFG024169(gb|WP_099961986),,10530,2,
VFG024170(gb|WP_014381773),,106,2,
VFG024171(gb|WP_014710887),,106,2,
VFG024439(gb|WP_170320649),,26,2,
VFG024441(gb|WP_170320649),,26,2,
VFG025785(gb|WP_006477362),,1,1,
VFG025788(gb|WP_006477362),,1,1,
VFG025863(gb|WP_011546711),,256,2,
VFG025865(gb|WP_006493442),,258,2,
VFG025866(gb|WP_012327704),,256,2,
VFG025876(gb|WP_011546712),,597,2,
VFG025878(gb|WP_012492267),,597,2,
VFG025879(gb|WP_012327703),,597,2,
VFG025902(gb|WP_011546713),,10518,2,
VFG025905(gb|WP_012327701),,10520,2,
VFG026573(gb|WP_020822197),,3,1,
VFG027131(gb|WP_015309447),,1,1,
VFG027154(gb|WP_020821555),,106,2,
VFG027157(gb|WP_005092754),,1609,2,
VFG027210(gb|WP_020726450),,1,1,
VFG028200(gb|WP_015303218),,10,1,
VFG029687,,1856,2,
VFG029696(gb|WP_014942395),,3179,2,
VFG029697(gb|WP_014711950),,1970,2,
VFG029698(gb|WP_014382789),,2933,2,
VFG029699(gb|WP_014385156),,3179,2,
VFG029700(gb|WP_014380392),,3179,2,
VFG029750(gb|WP_011857547),,5,1,
VFG029751(gb|WP_011562667),,5,1,
VFG029827(gb|WP_011777591),,1,1,
VFG030408(gb|WP_015355418),,9,1,
VFG030675(gb|WP_003875535),,8,1,
VFG030676(gb|WP_011724098),,729,2,
VFG030678(gb|WP_011894706),,1,1,
VFG030694(gb|WP_013471930),,1,1,
VFG031371(gb|WP_015288494),,280,2,
VFG031372(gb|WP_015303793),,280,2,
VFG031373(gb|WP_015291324),,939,2,
VFG031374(gb|WP_015294300),,939,2,
VFG031387(gb|WP_015695583),,280,2,
VFG033146(gb|WP_001521270),,6,2,
VFG033183(gb|WP_000044708),,1,1,
VFG033184(gb|WP_000044700),,1,1,
VFG033189(gb|WP_000044711),,1,1,
VFG033190(gb|WP_000044711),,1,1,
VFG033191(gb|WP_000044711),,1,1,
VFG033192(gb|WP_000044711),,1,1,
VFG033194(gb|WP_000044711),,1,1,
VFG033196(gb|WP_000044700),,1,1,
VFG033197(gb|WP_000044711),,1,1,
VFG033200(gb|WP_000044711),,1,1,
VFG033271(gb|WP_000120907),,2,2,
VFG033272(gb|WP_000120976),,2,2,
VFG033273(gb|WP_000120973),,2,2,
VFG033277(gb|WP_000120957),,2,2,
VFG033278,,2,2,
VFG033279(gb|WP_000120930),,2,2,
VFG033285(gb|WP_000120940),,2,2,
VFG033286,,2,2,
VFG033288(gb|WP_000120918),,2,2,
VFG033289(gb|WP_000121002),,2,2,
VFG033290(gb|WP_000120922),,2,2,
VFG033291(gb|WP_000120948),,2,2,
VFG033294(gb|WP_000120942),,2,2,
VFG033296(gb|WP_000120952),,2,2,
VFG033839(gb|WP_000820379),,1,1,
VFG033842(gb|WP_000820381),,1,1,
VFG033845(gb|WP_015675060),,1,1,
VFG033846(gb|WP_000820391),,1,1,
VFG033944(gb|WP_000973519),,1,1,
VFG033945(gb|WP_000973516),,1,1,
VFG033947(gb|WP_000973516),,1,1,
VFG033951(gb|WP_000973511),,1,1,
VFG033952(gb|WP_000750137),,1,1,
VFG033954(gb|WP_000750143),,1,1,
VFG033958(gb|WP_000750130),,1,1,
VFG034041(gb|WP_000654453),,1,1,
VFG034045(gb|WP_001304269),,1,1,
VFG034046(gb|WP_001304269),,1,1,
VFG034047(gb|WP_001304269),,1,1,
VFG034048(gb|WP_024256148),,1,1,
VFG034049(gb|WP_000654452),,1,1,
VFG034050(gb|WP_001446633),,1,1,
VFG034051(gb|WP_014639938),,1,1,
VFG034054(gb|WP_001304269),,1,1,
VFG034056(gb|WP_001608389),,1,1,
VFG034092(gb|WP_000623021),,1,1,
VFG034095(gb|WP_000623054),,1,1,
VFG034096(gb|WP_000623033),,1,1,
VFG034097(gb|WP_000623050),,1,1,
VFG034098(gb|WP_000623046),,1,1,
VFG034099(gb|WP_000623032),,1,1,
VFG034100(gb|WP_000623045),,1,1,
VFG034101(gb|WP_000623067),,1,1,
VFG034102(gb|WP_000623034),,1,1,
VFG034105(gb|WP_000623050),,1,1,
VFG034106(gb|WP_021565660),,1,1,
VFG034107(gb|WP_000623036),,1,1,
VFG034108(gb|WP_000623037),,1,1,
VFG034177(gb|WP_000784557),,2,1,
VFG034181(gb|WP_000784546),,2,1,
VFG034182(gb|WP_000784550),,2,1,
VFG034183(gb|WP_001304267),,2,1,
VFG034185(gb|WP_000784549),,2,1,
VFG034186(gb|WP_000784549),,2,1,
VFG034187(gb|WP_000784545),,2,1,
VFG034189(gb|WP_000784549),,2,1,
VFG034192(gb|WP_000784549),,2,1,
VFG034264(gb|WP_000089596),,1,1,
VFG034265(gb|WP_000089590),,1,1,
VFG034266(gb|WP_000089589),,1,1,
VFG034271(gb|WP_000089597),,1,1,
VFG034272(gb|WP_000089583),,1,1,
VFG034273(gb|WP_000089583),,1,1,
VFG034274(gb|WP_000089583),,1,1,
VFG034275(gb|WP_000089587),,1,1,
VFG034278(gb|WP_000089585),,1,1,
VFG034280(gb|WP_000089586),,1,1,
VFG034402(gb|WP_000730982),,1,1,
VFG034403(gb|WP_000730972),,1,1,
VFG034405(gb|WP_000730972),,1,1,
VFG034408(gb|WP_000730972),,1,1,
VFG034409(gb|WP_000730968),,1,1,
VFG034414(gb|WP_000730972),,1,1,
VFG034417(gb|WP_000730982),,1,1,
VFG034418(gb|WP_000730980),,1,1,
VFG034419(gb|WP_000730974),,1,1,
VFG034422(gb|WP_000730981),,1,1,
VFG034424,,1,1,
VFG034436(gb|WP_000716398),,1,1,
VFG034445(gb|WP_000716404),,1,1,
VFG034446(gb|WP_000716404),,1,1,
VFG034447(gb|WP_000716398),,1,1,
VFG034448(gb|WP_000716397),,1,1,
VFG034451(gb|WP_014639452),,1,1,
VFG034453(gb|WP_000716398),,1,1,
VFG034455(gb|WP_014640100),,1,1,
VFG034627,,1,1,
VFG034754(gb|WP_000081129),,1,1,
VFG034756,,1,1,
VFG035206(gb|WP_000512742),,1,1,
VFG035833(gb|WP_000103282),,1,1,
VFG035838(gb|WP_000103278),,1,1,
VFG035840(gb|WP_000103276),,1,1,
VFG035850(gb|WP_000103397),,1,1,
VFG036012(gb|WP_000820546),,1,1,
VFG036017(gb|WP_000820552),,1,1,
VFG036018(gb|WP_000820483),,1,1,
VFG036019(gb|WP_000820574),,1,1,
VFG036022(gb|WP_000820595),,1,1,
VFG036023(gb|WP_000820449),,1,1,
VFG036025(gb|WP_000820451),,1,1,
VFG036026(gb|WP_000820483),,1,1,
VFG036027(gb|WP_000820566),,1,1,
VFG036181(gb|WP_015815989),,3,1,
VFG036202(gb|WP_193363961),,1,1,
VFG036227(gb|WP_173277174),,1,1,
VFG036236(gb|WP_187287147),,1,1,
VFG036238(gb|WP_180302249),,1,1,
VFG036247(gb|WP_193363952),,1,1,
VFG036263(gb|WP_180303007),,1,1,
VFG036264(gb|WP_193363957),,1,1,
VFG036265,,5,1,
VFG036266(gb|WP_193363949),,1,1,
VFG036268(gb|WP_179099411),,1,1,
VFG036269(gb|WP_079875848),,1,1,
VFG036270(gb|WP_118868808),,1,1,
VFG036991(gb|WP_002246381),,1,1,
VFG036992(gb|WP_002224969),,1,1,
VFG036993(gb|WP_010951248),,1,1,
VFG036994(gb|WP_002220428),,1,1,
VFG036996(gb|WP_003695678),,1,1,
VFG036997(gb|WP_014580612),,1,1,
VFG036998(gb|WP_014573843),,1,1,
VFG036999(gb|WP_002258682),,1,1,
VFG037000(gb|WP_014575520),,1,1,
VFG037001(gb|WP_002216629),,1,1,
VFG037002(gb|WP_014575520),,1,1,
VFG037003(gb|WP_002220428),,1,1,
VFG037005(gb|WP_014582208),,1,1,
VFG037008(gb|WP_013448560),,1,1,
VFG037271,,1,1,
VFG037272(gb|WP_001281555),,1,1,
VFG037273(gb|WP_001281554),,1,1,
VFG037274(gb|WP_001281538),,1,1,
VFG037277(gb|WP_031967279),,1,1,
VFG037278(gb|WP_139161447),,1,1,
VFG037280(gb|WP_001281545),,1,1,
VFG037355(gb|WP_001073031),,1,1,
VFG037358(gb|WP_001073030),,1,1,
VFG037440(gb|WP_000910246),,1,1,
VFG037442(gb|WP_000910253),,1,1,
VFG037448(gb|WP_000910262),,1,1,
VFG037512(gb|WP_079740461),,1,1,
VFG037513(gb|WP_085947930),,1,1,
VFG037514(gb|WP_086225839),,1,1,
VFG037520(gb|WP_000837763),,1,1,
VFG037521(gb|WP_000837764),,1,1,
VFG037635(gb|WP_193759791),,1,1,
VFG037636(gb|WP_001187640),,3,1,
VFG037641(gb|WP_078197625),,1,1,
VFG037642(gb|WP_020753413),,3,1,
VFG037643(gb|WP_158318336),,3,1,
VFG037644(gb|WP_031961704),,1,1,
VFG037647(gb|WP_000913306),,2,1,
VFG037648(gb|WP_000913301),,2,1,
VFG037650,,2,1,
VFG037654(gb|WP_038346670),,2,1,
VFG037656(gb|WP_000913297),,2,1,
VFG037790(gb|WP_000064875),,1,1,
VFG037792(gb|WP_000064875),,1,1,
VFG037796(gb|WP_000064875),,1,1,
VFG037798(gb|WP_000064877),,1,1,
VFG037801(gb|WP_000064875),,1,1,
VFG037850(gb|WP_001075963),,1,1,
VFG037851(gb|WP_000209932),,1,1,
VFG037852(gb|WP_001075965),,2,2,
VFG037855(gb|WP_001075978),,2,2,
VFG037857(gb|WP_001075969),,1,1,
VFG037858(gb|WP_001075975),,2,2,
VFG037859(gb|WP_000209939),,1,1,
VFG037861(gb|WP_001075971),,1,1,
VFG037963(gb|WP_001062745),,1,1,
VFG038108(gb|WP_000045491),,1,1,
VFG038121(gb|WP_001062922),,2,1,
VFG038127(gb|WP_000045503),,1,1,
VFG038132(gb|WP_000045495),,1,1,
VFG038133(gb|WP_000209956),,1,1,
VFG038139(gb|WP_001062905),,2,1,
VFG038142(gb|WP_000045499),,1,1,
VFG038144(gb|WP_001062908),,2,1,
VFG038150(gb|WP_000209936),,1,1,
VFG038152(gb|WP_001062915),,2,1,
VFG038153(gb|WP_001062906),,2,1,
VFG038155(gb|WP_000209960),,1,1,
VFG038159(gb|WP_001062904),,1,1,
VFG038162(gb|WP_000209937),,1,1,
VFG038163(gb|WP_000045509),,1,1,
VFG038167(gb|WP_000209958),,1,1,
VFG038168(gb|WP_001062920),,2,1,
VFG038170(gb|WP_000209955),,1,1,
VFG038174(gb|WP_000777885),,1,1,
VFG038176(gb|WP_000777882),,1,1,
VFG038180(gb|WP_000777877),,1,1,
VFG038182(gb|WP_000777875),,1,1,
VFG038185(gb|WP_000777881),,1,1,
VFG038202,,1,1,
VFG038203(gb|WP_000446790),,1,1,
VFG038205(gb|WP_000446779),,1,1,
VFG038208(gb|WP_000446790),,1,1,
VFG038209(gb|WP_020752695),,1,1,
VFG038211(gb|WP_000446790),,1,1,
VFG038231(gb|WP_000472465),,1,1,
VFG038232(gb|WP_001985884),,1,1,
VFG038237(gb|WP_000226704),,1,1,
VFG038238(gb|WP_000226703),,1,1,
VFG038240(gb|WP_043960856),,1,1,
VFG038243(gb|WP_134815986),,1,1,
VFG038432(gb|WP_016352168),,6,1,
VFG038433(gb|WP_005314160),,6,1,
VFG038678(gb|WP_011705284),,1,1,
VFG038679(gb|WP_016350055),,1,1,
VFG038755(gb|WP_011706626),,70,1,
VFG038765,,1,1,
VFG038916(gb|WP_011705263),,10793,2,
VFG040946(gb|WP_000942795),,1,1,
VFG040947(gb|WP_000094974),,1,1,
VFG041012(gb|NP_250202),,11485,2,
VFG041013(gb|NP_250203),,9840,2,
VFG041014(gb|NP_250347),,11564,2,
VFG041015(gb|NP_250348),,10806,2,
VFG041016(gb|NP_250349),,11560,2,
VFG041017(gb|NP_250350),,10677,2,
VFG041018(gb|NP_250351),,11563,2,
VFG041019(gb|NP_250352),,11185,2,
VFG041020(gb|NP_250353),,11560,2,
VFG041021(gb|NP_250354),,11560,2,
VFG041022(gb|NP_250355),,10560,2,
VFG041023(gb|NP_250356),,11564,2,
VFG041024(gb|NP_250357),,10807,2,
VFG041025(gb|NP_250358),,11564,2,
VFG041026(gb|NP_250359),,10846,2,
VFG041027(gb|NP_250360),,11564,2,
VFG041028(gb|NP_250361),,10826,2,
VFG041029(gb|NP_250362),,10994,2,
VFG041051(gb|WP_000103125),,1,1,
VFG042030(gb|WP_011003508),,1,1,
VFG042211(gb|WP_003134054),,2628,2,
VFG042379(gb|ABQ43330),,1,1,
VFG042380(gb|ABQ43328),,1,1,
VFG042381(gb|ABQ42352),,1,1,
VFG042399(gb|WP_001303867),,1,1,
VFG042400,,1,1,
VFG042401(gb|WP_001165677),,1,1,
VFG042404,,1,1,
VFG042707(gb|WP_003141489),,134,2,
VFG042708(gb|WP_003141491),,134,2,
VFG042709(gb|WP_003141493),,139,2,
VFG042710(gb|WP_003141495),,135,2,
VFG042725(gb|WP_001189321),,1,1,
VFG042726(gb|WP_001267015),,1,1,
VFG042732(gb|WP_002218144),,1,1,
VFG042733(gb|WP_002214937),,1,1,
VFG042800(gb|WP_000360900),,1,1,
VFG043012(gb|NP_250147),,10766,2,
VFG043013(gb|NP_250148),,10836,2,
VFG043014(gb|NP_250149),,11564,2,
VFG043015(gb|NP_250150),,11562,2,
VFG043016(gb|NP_250155),,10810,2,
VFG043074(gb|WP_000884708),,1,1,
VFG043075(gb|WP_001196460),,1,1,
VFG043079(gb|WP_000625837),,1,1,
VFG043081(gb|WP_000589319),,1,1,
VFG043088(gb|WP_000983602),,1,1,
VFG043092(gb|WP_010904770),,1,1,
VFG043094(gb|WP_001322280),,2,1,
VFG043097(gb|WP_001291603),,1,1,
VFG043098(gb|WP_001302091),,1,1,
VFG043101(gb|WP_001087467),,1,1,
VFG043115(gb|WP_001282098),,1,1,
VFG043116(gb|WP_001302429),,1,1,
VFG043452(gb|WP_001170264),,1,1,
VFG043588(gb|WP_001205093),,3,2,
VFG043589(gb|WP_000044536),,7,2,
VFG043614(gb|WP_074194464),,2,1,
VFG043625(gb|WP_000813718),,16,1,
VFG043628,,140,2,
VFG043668(gb|AAA26616),,2,1,
VFG043784(gb|BAC97796),,1,1,
VFG043982(gb|CAA61099),,1,1,
VFG044066(gb|WP_000447001),,2,1,
VFG044225(gb|WP_011533698),,10826,2,
VFG044250(gb|WP_005311724),,6,2,
VFG044257(gb|WP_000610051),,1,1,
VFG044258(gb|WP_001179888),,1,1,
VFG044259(gb|WP_001795559),,1,1,
VFG044261(gb|WP_001223700),,1,1,
VFG044273(gb|WP_001214661),,1,1,
VFG044274(gb|WP_000951636),,1,1,
VFG044277(gb|WP_001052566),,1,1,
VFG044304(gb|WP_000588838),,1,1,
VFG044305(gb|WP_000071884),,1,1,
VFG044310(gb|WP_006486076),,3,1,
VFG044315(gb|WP_012492605),,31,2,
VFG044325(gb|WP_002212761),,1,1,
VFG044328(gb|WP_015874963),,1,1,
VFG044333(gb|WP_015874968),,2,1,
VFG044362(gb|WP_033111968),,5,1,
VFG044443(gb|WP_001032773),,1,1,
VFG045631(gb|WP_002305699),,1,1,
VFG045632(gb|WP_002286924),,1,1,
VFG045670(gb|WP_002286379),,1,1,
VFG045671(gb|WP_002294628),,1,1,
VFG045788(gb|WP_001189322),,1,1,
VFG045789(gb|WP_001264082),,1,1,
VFG045806(gb|WP_000354273),,1,1,
VFG045807(gb|WP_001576295),,1,1,
VFG045820(gb|WP_023281714),,1,1,
VFG045821(gb|WP_023281695),,1,1,
VFG045826(gb|WP_021526504),,1,1,
VFG045878(gb|WP_001295349),,1,1,
VFG045881(gb|WP_014640508),,1,1,
VFG045887(gb|WP_000845152),,1,1,
VFG045894(gb|WP_001330060),,1,1,
VFG045896(gb|WP_014639881),,1,1,
VFG045897(gb|WP_074151099),,1,1,
VFG045899(gb|WP_000845152),,1,1,
VFG045900(gb|WP_000286312),,1,1,
VFG045902,,1,1,
VFG045904(gb|WP_000286318),,1,1,
VFG045906(gb|WP_000286318),,1,1,
VFG045910(gb|WP_012602403),,1,1,
VFG045911(gb|WP_000286337),,1,1,
VFG045912(gb|WP_000286305),,1,1,
VFG045913(gb|WP_000286336),,1,1,
VFG045915(gb|WP_000286313),,1,1,
VFG045916(gb|WP_001165668),,1,1,
VFG045918(gb|WP_001165678),,1,1,
VFG045923(gb|WP_001165655),,1,1,
VFG045926(gb|WP_001165657),,1,1,
VFG045931(gb|WP_001165658),,1,1,
VFG045932,,1,1,
VFG045933(gb|WP_001165671),,1,1,
VFG045935(gb|WP_001165655),,1,1,
VFG045936(gb|WP_000360904),,1,1,
VFG045937(gb|WP_000360914),,1,1,
VFG045939(gb|WP_000360919),,1,1,
VFG045947(gb|WP_000360894),,1,1,
VFG045948(gb|WP_000360902),,1,1,
VFG045950(gb|WP_000360895),,1,1,
VFG045954(gb|WP_000360907),,1,1,
VFG045955(gb|WP_000360915),,1,1,
VFG045956(gb|WP_000360914),,1,1,
VFG045958(gb|WP_000360914),,1,1,
VFG045962(gb|WP_000360904),,1,1,
VFG045972(gb|WP_000360891),,1,1,
VFG045974(gb|WP_001025145),,1,1,
VFG045975,,1,1,
VFG045977(gb|WP_001025182),,1,1,
VFG045984(gb|WP_001025155),,1,1,
VFG045985(gb|WP_001025155),,1,1,
VFG045991(gb|WP_001025168),,1,1,
VFG045992(gb|WP_001025180),,1,1,
VFG045993(gb|WP_001025180),,1,1,
VFG045994(gb|WP_001025178),,1,1,
VFG045995(gb|WP_001025161),,1,1,
VFG045998(gb|WP_001025179),,1,1,
VFG045999(gb|WP_001025168),,1,1,
VFG046000(gb|WP_001025158),,1,1,
VFG046001(gb|WP_001025145),,1,1,
VFG046004(gb|WP_001025178),,1,1,
VFG046009(gb|WP_001025178),,1,1,
VFG046058(gb|WP_000121003),,2,2,
VFG046063(gb|WP_046072797),,1,1,
VFG046068(gb|WP_001189321),,1,1,
VFG046069(gb|WP_001264088),,1,1,
VFG046099(gb|WP_046072850),,1,1,
VFG046109(gb|WP_000654453),,1,1,
VFG046112(gb|WP_046072848),,1,1,
VFG046117(gb|WP_000784549),,2,1,
VFG048297(gb|WP_014906961),,2,1,
VFG048298(gb|WP_072196423),,2,1,
VFG048302(gb|WP_014906960),,1,1,
VFG048304(gb|WP_004151788),,1,1,
VFG048305(gb|WP_004151788),,1,1,
VFG048306(gb|WP_024264619),,1,1,
VFG048307(gb|WP_041937815),,1,1,
VFG048308(gb|WP_004151788),,1,1,
VFG048315(gb|WP_014599252),,1,1,
VFG048316(gb|WP_015958940),,1,1,
VFG048317(gb|WP_014906959),,1,1,
VFG048318(gb|WP_004144030),,1,1,
VFG048371(gb|WP_014839452),,1,1,
VFG048372(gb|WP_014226698),,1,1,
VFG048377(gb|WP_000813718),,16,1,
VFG048379,,16,1,
VFG048380(gb|WP_012967266),,16,1,
VFG048381(gb|WP_000820820),,1,1,
VFG048382(gb|WP_000820820),,1,1,
VFG048414(gb|WP_012542485),,1,1,
VFG048417(gb|WP_014599080),,1,1,
VFG048418(gb|WP_012068427),,1,1,
VFG048419(gb|WP_004210873),,1,1,
VFG048420(gb|WP_012968725),,1,1,
VFG048454(gb|WP_012542489),,1,1,
VFG048456(gb|WP_004147525),,1,1,
VFG048457(gb|WP_004223589),,1,1,
VFG048458(gb|WP_004147525),,1,1,
VFG048459(gb|WP_004147525),,1,1,
VFG048460(gb|WP_008805583),,1,1,
VFG048473(gb|WP_004147521),,1,1,
VFG048476(gb|WP_004223582),,1,1,
VFG048477(gb|WP_004147521),,1,1,
VFG048478(gb|WP_004147521),,1,1,
VFG048479(gb|WP_012968727),,1,1,
VFG048483(gb|WP_012542491),,1,1,
VFG048486(gb|WP_004223579),,1,1,
VFG048487(gb|WP_002893737),,1,1,
VFG048488(gb|WP_002893737),,1,1,
VFG048489(gb|WP_012968728),,1,1,
VFG048493(gb|WP_012542492),,1,1,
VFG048496(gb|WP_014599078),,1,1,
VFG048497(gb|WP_041937591),,1,1,
VFG048498(gb|WP_012737619),,1,1,
VFG048499(gb|WP_012968729),,1,1,
VFG048502(gb|WP_012737618),,1,1,
VFG048503(gb|WP_012542493),,1,1,
VFG048506(gb|WP_004223574),,1,1,
VFG048507(gb|WP_019705362),,1,1,
VFG048508(gb|WP_012737618),,1,1,
VFG048509(gb|WP_012968730),,1,1,
VFG048541(gb|WP_041169040),,1,1,
VFG048542(gb|WP_012542068),,1,1,
VFG048544(gb|WP_002901630),,1,1,
VFG048545(gb|WP_004224251),,1,1,
VFG048546(gb|WP_015958223),,1,1,
VFG048548(gb|WP_020947523),,1,1,
VFG048566(gb|WP_014907271),,1,1,
VFG048578(gb|WP_014907269),,1,1,
VFG048580(gb|WP_014838502),,8,1,
VFG048597(gb|WP_000784549),,2,1,
VFG048599(gb|WP_004213920),,1,1,
VFG048600(gb|WP_004213920),,1,1,
VFG048601(gb|WP_032451968),,1,1,
VFG048603(gb|WP_004213921),,1,1,
VFG048604(gb|WP_004145302),,1,1,
VFG048605(gb|WP_004213922),,1,1,
VFG048606(gb|WP_004213922),,1,1,
VFG048607(gb|WP_004145303),,1,1,
VFG048608(gb|WP_014599302),,1,1,
VFG048609(gb|WP_004213923),,1,1,
VFG048610(gb|WP_004145304),,1,1,
VFG048614(gb|WP_022065355),,1,1,
VFG048617(gb|WP_004150817),,2,2,
VFG048618(gb|WP_004213924),,1,1,
VFG048619(gb|WP_041937604),,2,2,
VFG048620(gb|WP_014907843),,2,2,
VFG048621(gb|WP_004213924),,1,1,
VFG048623(gb|WP_012968568),,1,1,
VFG048663(gb|WP_004176431),,1,1,
VFG048664(gb|WP_004176431),,1,1,
VFG048665(gb|WP_004176431),,1,1,
VFG048666(gb|WP_004140195),,1,1,
VFG048682(gb|WP_002902160),,1,1,
VFG048685(gb|WP_002902160),,1,1,
VFG048686(gb|WP_002902160),,1,1,
VFG048687(gb|WP_002902160),,1,1,
VFG048688(gb|WP_020953393),,1,1,
VFG048689(gb|WP_002902160),,1,1,
VFG048691(gb|WP_014907724),,1,1,
VFG048692(gb|WP_012541980),,1,1,
VFG048695,,1,1,
VFG048696(gb|WP_040188146),,1,1,
VFG048697(gb|WP_015874721),,1,1,
VFG048698(gb|WP_020947550),,1,1,
VFG048699(gb|WP_012968410),,1,1,
VFG048735,,10552,2,
VFG048737,,10552,2,
VFG048738(gb|WP_004224376),,10552,2,
VFG048739(gb|WP_012968403),,10552,2,
VFG048792(gb|WP_024188874),,1,1,
VFG048794(gb|WP_049256767),,1,1,
VFG048795(gb|WP_004175261),,1,1,
VFG048796(gb|WP_015958696),,1,1,
VFG048797(gb|WP_004175261),,1,1,
VFG048799(gb|WP_024188874),,1,1,
VFG048805(gb|WP_020956624),,1,1,
VFG048806(gb|WP_004899416),,1,1,
VFG048808(gb|WP_004899416),,1,1,
VFG048839(gb|WP_041937831),,11,2,
VFG048869(gb|WP_012541081),,1,1,
VFG048949(gb|WP_004184823),,1,1,
VFG048960(gb|WP_014599212),,1,1,
VFG048963(gb|WP_004899416),,1,1,
VFG048970(gb|WP_004175261),,1,1,
VFG048973(gb|WP_000704907),,1,1,
VFG048982(gb|WP_004899416),,1,1,
VFG048987(gb|WP_000704907),,1,1,
VFG048990(gb|WP_001741945),,1,1,
VFG048992(gb|WP_004151150),,1,1,
VFG048993(gb|WP_001741945),,1,1,
VFG048998(gb|WP_011154608),,1,1,
VFG049004(gb|WP_032419820),,1,1,
VFG049005(gb|WP_004180447),,1,1,
VFG049007(gb|WP_002911561),,1,1,
VFG049008(gb|WP_004141142),,1,1,
VFG049035(gb|WP_012541094),,1,1,
VFG049037(gb|WP_020956641),,1,1,
VFG049042(gb|WP_012967600),,1,1,
VFG049174(gb|WP_012540699),,1,1,
VFG049175(gb|WP_009485633),,1,1,
VFG049180(gb|WP_181446003),,1,1,
VFG049181(gb|WP_170919772),,1,1,
VFG049182(gb|WP_020948164),,1,1,
VFG049191(gb|WP_014907101),,2,1,
VFG049192(gb|WP_008806080),,1,1,
VFG049194(gb|WP_004150973),,2,1,
VFG049195(gb|WP_004150973),,2,1,
VFG049196(gb|WP_004890358),,2,1,
VFG049197(gb|WP_032452026),,2,1,
VFG049198(gb|WP_008806080),,2,1,
VFG049248(gb|WP_123809090),,13,2,
VFG049251(gb|WP_012541328),,1,1,
VFG049252(gb|WP_004899005),,1,1,
VFG049313(gb|WP_002910453),,1,1,
VFG049314(gb|WP_012541334),,1,1,
VFG049316(gb|WP_002910453),,1,1,
VFG049317(gb|WP_002910453),,1,1,
VFG049318,,1,1,
VFG049320(gb|WP_002910453),,1,1,
VFG049321(gb|WP_012541334),,1,1,
VFG049322(gb|WP_004145442),,1,1,
VFG049325(gb|WP_004200293),,1,1,
VFG049326(gb|WP_004898985),,1,1,
VFG049327(gb|WP_004145442),,1,1,
VFG049329(gb|WP_004145442),,1,1,
VFG049835(gb|WP_012076956),,35,1,
VFG049843(gb|WP_003155066),,35,1,
VFG049850(gb|WP_000645747),,1,1,
VFG049851(gb|WP_000645780),,1,1,
VFG049852(gb|WP_000645787),,1,1,
VFG049854(gb|WP_000645753),,1,1,
VFG049857(gb|WP_000645791),,1,1,
VFG049902(gb|WP_011310140),,1,1,
VFG049916(gb|WP_000103365),,1,1,
VFG049917(gb|WP_000508696),,1,1,
VFG050398(gb|WP_000347036.1),,1,1,
VFG050400(gb|WP_000347039.1),,1,1,
VFG050404(gb|WP_000347035.1),,1,1,
VFG050406(gb|WP_000347036.1),,1,1,
VFG050413(gb|WP_000537692.1),,1,1,
VFG050414(gb|WP_002027454.1),,1,1,
VFG050416(gb|WP_005136899.1),,1,1,
VFG050418(gb|WP_004738086.1),,1,1,
VFG050420(gb|WP_004738086.1),,1,1,
VFG050440(gb|WP_000993717.1),,1,1,
VFG050443(gb|WP_000993715.1),,1,1,
VFG050455(gb|WP_001274987.1),,2,1,
VFG050456(gb|WP_001274994.1),,2,1,
VFG050457(gb|WP_001274990.1),,2,1,
VFG050461(gb|WP_001274989.1),,2,1,
VFG050463(gb|WP_001274986.1),,2,1,
VFG050470(gb|WP_000279216.1),,1,1,
VFG050472(gb|WP_000279216.1),,1,1,
VFG050474(gb|WP_000279215.1),,1,1,
VFG050476(gb|WP_000279215.1),,1,1,
VFG050496(gb|WP_000755275.1),,1,1,
VFG050497(gb|WP_000755285.1),,1,1,
VFG050499(gb|WP_000755268.1),,1,1,
VFG050502(gb|WP_000755281.1),,1,1,
VFG050503(gb|WP_020752706.1),,1,1,
VFG050505(gb|WP_000755276.1),,1,1,
VFG050508(gb|WP_000755111.1),,1,1,
VFG050524(gb|WP_085916952.1),,1,1,
VFG050525(gb|WP_002194578.1),,1,1,
VFG050526(gb|WP_000546629.1),,1,1,
VFG050527(gb|WP_002194578.1),,1,1,
VFG050530(gb|WP_002194578.1),,1,1,
VFG050532(gb|WP_002194578.1),,1,1,
VFG050537(gb|WP_000079200.1),,1,1,
VFG050538(gb|WP_000079197.1),,1,1,
VFG050540(gb|WP_000079192.1),,1,1,
VFG050544(gb|WP_000079199.1),,1,1,
VFG050546(gb|WP_000079197.1),,1,1,
VFG050564(gb|WP_000768968.1),,3,1,
VFG050565(gb|WP_000768943.1),,4,2,
VFG050567(gb|WP_000768964.1),,3,1,
VFG050570(gb|WP_000768970.1),,3,1,
VFG050571(gb|WP_020753491.1),,3,1,
VFG050572(gb|WP_020752638.1),,3,1,
VFG050573(gb|WP_000768961.1),,3,2,
VFG050581(gb|WP_001046420.1),,2,1,
VFG050583(gb|WP_001046489.1),,3,2,
VFG050585(gb|WP_020753490.1),,3,2,
VFG050587(gb|WP_001046490.1),,2,1,
VFG050670(gb|WP_000505931.1),,1,1,
VFG050672(gb|WP_000505931.1),,1,1,
VFG050674(gb|WP_000505932.1),,1,1,
VFG050676(gb|WP_000505931.1),,1,1,
VFG050679(gb|WP_000505928.1),,1,1,
VFG050682(gb|WP_001160333.1),,1,1,
VFG050683(gb|WP_001160337.1),,1,1,
VFG050685(gb|WP_001160337.1),,1,1,
VFG050688(gb|WP_002001070.1),,1,1,
VFG050689(gb|WP_002037247.1),,1,1,
VFG050691(gb|WP_001160336.1),,1,1,
VFG050740(gb|WP_001196426.1),,1,1,
VFG050742(gb|WP_001196426.1),,1,1,
VFG050746(gb|WP_001196426.1),,1,1,
VFG050748(gb|WP_001196428.1),,1,1,
VFG050751(gb|WP_001196431.1),,1,1,
VFG050770(gb|WP_001020910.1),,1,1,
VFG050772(gb|WP_001020922.1),,1,1,
VFG050776(gb|WP_020753341.1),,1,1,
VFG050778(gb|WP_001020916.1),,1,1,
VFG050781(gb|WP_001020905.1),,1,1,
VFG050857(gb|WP_000301476.1),,1,1,
VFG050858(gb|WP_000301478.1),,1,1,
VFG050860(gb|WP_000301479.1),,1,1,
VFG050863(gb|WP_001218621.1),,1,1,
VFG050865(gb|WP_000301468.1),,1,1,
VFG050868(gb|WP_000301482.1),,1,1,
VFG050944(gb|WP_000083629.1),,1,1,
VFG050946(gb|WP_000083625.1),,1,1,
VFG050950(gb|WP_000083629.1),,1,1,
VFG050954(gb|WP_000083625.1),,1,1,
VFG051026(gb|WP_000471444.1),,2,1,
VFG051028(gb|WP_000471445.1),,2,1,
VFG051032(gb|WP_000471441.1),,2,1,
VFG051036(gb|WP_000471440.1),,2,1,
VFG051040(gb|WP_000653195.1),,1,1,
VFG051042(gb|WP_000653195.1),,1,1,
VFG051044(gb|WP_000653195.1),,1,1,
VFG051046(gb|WP_000653195.1),,1,1,
VFG051050(gb|WP_000653195.1),,1,1,
VFG051082(gb|WP_000020713.1),,1,1,
VFG051084(gb|WP_000020713.1),,1,1,
VFG051088(gb|WP_020753007.1),,1,1,
VFG051092(gb|WP_000020714.1),,1,1,
VFG051097(gb|WP_000096545.1),,2,1,
VFG051098(gb|WP_002001416.1),,2,1,
VFG051100(gb|WP_000987834.1),,2,1,
VFG051102(gb|WP_002009235.1),,2,1,
VFG051106(gb|WP_134815913.1),,2,1,
VFG051486(gb|WP_003140107.1),,2893,2,
VFG051492(gb|WP_011532201.1),,1,1,
VFG051493(gb|WP_011333754.1),,4,2,
VFG051494(gb|WP_011105496.1),,1,1,
VFG051809(gb|WP_003244989.1),,1,1,
VFG051822(gb|WP_012613443.1),,5057,2,
VFG051823(gb|WP_011979148.1),,23,1,
VFG051825(gb|WP_003136992.1),,5563,2,
VFG051835(gb|WP_011979143.1),,10371,2,
VFG051837(gb|WP_003083691.1),,10928,2,
