Accession,locus_tag,genome_count_Clade_A,genome_count_Clade_B,absent_count_Clade_A,absent_count_Clade_B,total_genomes_Clade_A,total_genomes_Clade_B,freq_Clade_A,freq_Clade_B,odds_ratio_CladeA_vs_CladeB,p_value,freq_difference_CladeA_minus_CladeB,absolute_freq_difference,freq_ratio,fdr_bh,significant_fdr,significant_and_meaningful,enriched_clade
VFG043628,,3,137,8737,2702,8740,2839,3.4324942791762013e-4,0.04825642831983093,0.006785735360951534,3.679532857580085e-80,-0.04791317889191331,0.04791317889191331,140.5870611717741,7.754615497350028e-79,TRUE,FALSE,Significant_small_difference
VFG042709(gb|WP_003141493),,3,136,8737,2703,8740,2839,3.4324942791762013e-4,0.04790419161676647,0.006838303209713176,1.5240093857228979e-79,-0.04756094218884885,0.04756094218884885,139.56087824351297,3.1721973139861796e-78,TRUE,FALSE,Significant_small_difference
VFG042710(gb|WP_003141495),,3,132,8737,2707,8740,2839,3.4324942791762013e-4,0.04649524480450863,0.007056572420761792,4.465295761069222e-77,-0.04615199537659101,0.04615199537659101,135.4561465304685,8.857045474309069e-76,TRUE,FALSE,Significant_small_difference
VFG042707(gb|WP_003141489),,3,131,8737,2708,8740,2839,3.4324942791762013e-4,0.04614300810144417,0.007113231242009162,1.8453625532589968e-76,-0.04579975867352655,0.04579975867352655,134.42996360220735,3.5355468918121237e-75,TRUE,FALSE,Significant_small_difference
VFG042708(gb|WP_003141491),,3,131,8737,2708,8740,2839,3.4324942791762013e-4,0.04614300810144417,0.007113231242009162,1.8453625532589968e-76,-0.04579975867352655,0.04579975867352655,134.42996360220735,3.5355468918121237e-75,TRUE,FALSE,Significant_small_difference
VFG043480(gb|NP_251450),PA2760,8703,2688,37,151,8740,2839,0.995766590389016,0.9468122578372666,13.209230932038471,3.5441345084110555e-59,0.04895433255174941,0.04895433255174941,1.0517043713223275,5.5327877603528145e-58,TRUE,FALSE,Significant_small_difference
VFG014132(gb|WP_012075036),,256,2,8484,2837,8740,2839,0.029290617848970253,7.044734061289186e-4,42.797570907933334,6.772666619802651e-29,0.028586144442841334,0.028586144442841334,41.57803203661327,8.585500692471632e-28,TRUE,FALSE,Significant_small_difference
VFG014127(gb|WP_012075032),,253,2,8487,2837,8740,2839,0.02894736842105263,7.044734061289186e-4,42.281089642654244,1.7869739479063777e-28,0.028242895014923712,0.028242895014923712,41.09078947368421,2.229897396462645e-27,TRUE,FALSE,Significant_small_difference
VFG014129(gb|WP_003150889),,252,2,8488,2837,8740,2839,0.028832951945080093,7.044734061289186e-4,42.10901034287008,1.798730995960378e-28,0.028128478538951174,0.028128478538951174,40.928375286041195,2.229897396462645e-27,TRUE,FALSE,Significant_small_difference
VFG014130(gb|WP_012075034),,252,2,8488,2837,8740,2839,0.028832951945080093,7.044734061289186e-4,42.10901034287008,1.798730995960378e-28,0.028128478538951174,0.028128478538951174,40.928375286041195,2.229897396462645e-27,TRUE,FALSE,Significant_small_difference
VFG014118(gb|WP_012075024),,251,2,8489,2837,8740,2839,0.02871853546910755,7.044734061289186e-4,41.93697158019231,2.8365617057909764e-28,0.028014062062978632,0.028014062062978632,40.76596109839817,3.344365759415095e-27,TRUE,FALSE,Significant_small_difference
VFG014120(gb|WP_042169654),,251,2,8489,2837,8740,2839,0.02871853546910755,7.044734061289186e-4,41.93697158019231,2.8365617057909764e-28,0.028014062062978632,0.028014062062978632,40.76596109839817,3.344365759415095e-27,TRUE,FALSE,Significant_small_difference
VFG014122(gb|WP_003150874),,251,2,8489,2837,8740,2839,0.02871853546910755,7.044734061289186e-4,41.93697158019231,2.8365617057909764e-28,0.028014062062978632,0.028014062062978632,40.76596109839817,3.344365759415095e-27,TRUE,FALSE,Significant_small_difference
VFG014124(gb|WP_012075029),,251,2,8489,2837,8740,2839,0.02871853546910755,7.044734061289186e-4,41.93697158019231,2.8365617057909764e-28,0.028014062062978632,0.028014062062978632,40.76596109839817,3.344365759415095e-27,TRUE,FALSE,Significant_small_difference
VFG014125(gb|WP_012075030),,251,2,8489,2837,8740,2839,0.02871853546910755,7.044734061289186e-4,41.93697158019231,2.8365617057909764e-28,0.028014062062978632,0.028014062062978632,40.76596109839817,3.344365759415095e-27,TRUE,FALSE,Significant_small_difference
VFG014126(gb|WP_012075031),,251,2,8489,2837,8740,2839,0.02871853546910755,7.044734061289186e-4,41.93697158019231,2.8365617057909764e-28,0.028014062062978632,0.028014062062978632,40.76596109839817,3.344365759415095e-27,TRUE,FALSE,Significant_small_difference
VFG014131(gb|WP_025297833),,246,2,8494,2837,8740,2839,0.028146453089244853,7.044734061289186e-4,41.07738532240985,1.1880306524905179e-27,0.027441979683115934,0.027441979683115934,39.95389016018307,1.37193128773905e-26,TRUE,FALSE,Significant_small_difference
VFG031348(gb|NP_217787),Rv3270,130,150,8610,2689,8740,2839,0.014874141876430207,0.0528355054596689,0.2707187066355167,6.46531007965908e-26,-0.03796136358323869,0.03796136358323869,3.5521716747500474,7.267008529536806e-25,TRUE,FALSE,Significant_small_difference
VFG031371(gb|WP_015288494),,130,150,8610,2689,8740,2839,0.014874141876430207,0.0528355054596689,0.2707187066355167,6.46531007965908e-26,-0.03796136358323869,0.03796136358323869,3.5521716747500474,7.267008529536806e-25,TRUE,FALSE,Significant_small_difference
VFG031372(gb|WP_015303793),,130,150,8610,2689,8740,2839,0.014874141876430207,0.0528355054596689,0.2707187066355167,6.46531007965908e-26,-0.03796136358323869,0.03796136358323869,3.5521716747500474,7.267008529536806e-25,TRUE,FALSE,Significant_small_difference
VFG031387(gb|WP_015695583),,130,150,8610,2689,8740,2839,0.014874141876430207,0.0528355054596689,0.2707187066355167,6.46531007965908e-26,-0.03796136358323869,0.03796136358323869,3.5521716747500474,7.267008529536806e-25,TRUE,FALSE,Significant_small_difference
VFG014119(gb|WP_012075025),,219,2,8521,2837,8740,2839,0.02505720823798627,7.044734061289186e-4,36.453049389636156,2.3877764156184363e-24,0.02435273483185735,0.02435273483185735,35.56870709382151,2.6660867792931684e-23,TRUE,FALSE,Significant_small_difference
VFG041011(gb|NP_248785),PA0095,8681,2741,59,98,8740,2839,0.9932494279176202,0.965480803099683,5.2596610535458685,4.430439728529672e-24,0.027768624817937182,0.027768624817937182,1.0287614468654227,4.914290383092781e-23,TRUE,FALSE,Significant_small_difference
VFG014128(gb|WP_012075033),,215,2,8525,2837,8740,2839,0.02459954233409611,7.044734061289186e-4,35.77045353272425,6.0724628762604065e-24,0.02389506892796719,0.02389506892796719,34.91905034324943,6.691615953839899e-23,TRUE,FALSE,Significant_small_difference
VFG014123(gb|WP_003150878),,214,2,8526,2837,8740,2839,0.02448512585812357,7.044734061289186e-4,35.59990463312649,9.943863642776874e-24,0.02378065245199465,0.02378065245199465,34.75663615560641,1.088659357254663e-22,TRUE,FALSE,Significant_small_difference
VFG019790(gb|WP_003122257),PA3141,8485,2830,255,9,8740,2839,0.9708237986270023,0.9968298696724198,0.10583020836211077,2.9990855632809676e-21,-0.026006071045417523,0.026006071045417523,1.0267876324027048,3.220674050759052e-20,TRUE,FALSE,Significant_small_difference
VFG042699(gb|NP_252771),PA4082,8592,2839,148,0,8740,2839,0.9830663615560641,1,0,1.0685821532303835e-18,-0.016933638443935917,0.016933638443935917,1.0172253258845438,1.1402718419914092e-17,TRUE,FALSE,Significant_small_difference
VFG015827(gb|WP_012315395),,23,57,8717,2782,8740,2839,0.002631578947368421,0.020077492074674182,0.1287985942159915,1.3952384972464005e-18,-0.01744591312730576,0.01744591312730576,7.6294469883761895,1.479479312174485e-17,TRUE,FALSE,Significant_small_difference
VFG042701(gb|NP_252773),PA4084,8580,2838,160,1,8740,2839,0.9816933638443935,0.9996477632969355,0.018879382985509608,1.4306180006102455e-18,-0.017954399452541958,0.017954399452541958,1.018289213428347,1.507513718143046e-17,TRUE,FALSE,Significant_small_difference
VFG015856(gb|NP_248716),PA0026,8438,2624,302,215,8740,2839,0.9654462242562929,0.9242691088411412,2.2891450567860323,3.114804539348014e-18,0.04117711541515168,0.04117711541515168,1.0445510025394877,3.261838790894877e-17,TRUE,FALSE,Significant_small_difference
VFG001238(gb|NP_249771),PA1080,8597,2839,143,0,8740,2839,0.9836384439359268,1,0,4.540661120676678e-18,-0.01636155606407319,0.01636155606407319,1.0166337094335234,4.725651018185727e-17,TRUE,FALSE,Significant_small_difference
VFG019935(gb|WP_003111059),PA3476,8175,2516,565,323,8740,2839,0.9353546910755148,0.8862275449101796,1.8575028349676166,2.1333699848185822e-16,0.0491271461653352,0.0491271461653352,1.0554340095243986,2.1932084112220302e-15,TRUE,FALSE,Significant_small_difference
VFG042698(gb|NP_252770),PA4081,8614,2839,126,0,8740,2839,0.98558352402746,1,0,5.432184219357863e-16,-0.014416475972540033,0.014416475972540033,1.0146273508242396,5.550704602325672e-15,TRUE,FALSE,Significant_small_difference
VFG042706(gb|NP_249685),PA0994,8487,2823,253,16,8740,2839,0.9710526315789474,0.9943642127509686,0.1901397472020524,5.845035465360693e-16,-0.023311581172021256,0.023311581172021256,1.024006506356011,5.936584213613331e-15,TRUE,FALSE,Significant_small_difference
VFG043810(gb|NP_253231),PA4541,8586,2836,154,3,8740,2839,0.9823798627002288,0.9989432898908066,0.058983624343472665,2.2809231148972984e-15,-0.016563427190577795,0.016563427190577795,1.016860511722065,2.2755244803058256e-14,TRUE,FALSE,Significant_small_difference
VFG014681(gb|NP_253640),PA4953,8739,2813,1,26,8740,2839,0.9998855835240275,0.9908418457203241,80.80838466468909,2.538120042357715e-15,0.009043737803703378,0.009043737803703378,1.0091273272750494,2.5172178773030045e-14,TRUE,FALSE,Significant_small_difference
VFG041029(gb|NP_250362),,8381,2613,359,226,8740,2839,0.9589244851258582,0.9203945051074321,2.019080418196519,7.982417027302747e-15,0.038529980018426,0.038529980018426,1.0418624620253776,7.870383104112533e-14,TRUE,FALSE,Significant_small_difference
VFG009374(gb|WP_010908479),,0,19,8740,2820,8740,2839,0,0.006692497358224727,0,2.402115717442071e-12,-0.006692497358224727,0.006692497358224727,Inf,2.3546320346554256e-11,TRUE,FALSE,Significant_small_difference
VFG009815(gb|WP_162830471),,105,1,8635,2838,8740,2839,0.012013729977116704,3.522367030644593e-4,34.50571571026979,4.865542682759838e-12,0.011661493274052245,0.011661493274052245,34.10697940503432,4.608598293894992e-11,TRUE,FALSE,Significant_small_difference
VFG009816(gb|WP_165928405),,105,1,8635,2838,8740,2839,0.012013729977116704,3.522367030644593e-4,34.50571571026979,4.865542682759838e-12,0.011661493274052245,0.011661493274052245,34.10697940503432,4.608598293894992e-11,TRUE,FALSE,Significant_small_difference
VFG009820(gb|WP_036377494),,105,1,8635,2838,8740,2839,0.012013729977116704,3.522367030644593e-4,34.50571571026979,4.865542682759838e-12,0.011661493274052245,0.011661493274052245,34.10697940503432,4.608598293894992e-11,TRUE,FALSE,Significant_small_difference
VFG024170(gb|WP_014381773),,105,1,8635,2838,8740,2839,0.012013729977116704,3.522367030644593e-4,34.50571571026979,4.865542682759838e-12,0.011661493274052245,0.011661493274052245,34.10697940503432,4.608598293894992e-11,TRUE,FALSE,Significant_small_difference
VFG024171(gb|WP_014710887),,105,1,8635,2838,8740,2839,0.012013729977116704,3.522367030644593e-4,34.50571571026979,4.865542682759838e-12,0.011661493274052245,0.011661493274052245,34.10697940503432,4.608598293894992e-11,TRUE,FALSE,Significant_small_difference
VFG027154(gb|WP_020821555),,105,1,8635,2838,8740,2839,0.012013729977116704,3.522367030644593e-4,34.50571571026979,4.865542682759838e-12,0.011661493274052245,0.011661493274052245,34.10697940503432,4.608598293894992e-11,TRUE,FALSE,Significant_small_difference
VFG015049(gb|WP_003119559),PA3477,8181,2543,559,296,8740,2839,0.9360411899313501,0.8957379358929201,1.7033946186203357,5.5867184873794366e-12,0.04030325403843005,0.04030325403843005,1.044994470395243,5.2621270221909104e-11,TRUE,FALSE,Significant_small_difference
VFG044081(gb|NP_250946),PA2256,8353,2787,387,52,8740,2839,0.955720823798627,0.9816836914406482,0.40276539457104993,1.6486943972505272e-11,-0.02596286764202116,0.02596286764202116,1.0271657444261062,1.5442770854246605e-10,TRUE,FALSE,Significant_small_difference
VFG051636(gb|WP_012614150.1),PA2368,8181,2548,559,291,8740,2839,0.9360411899313501,0.8974991194082423,1.6713461920948494,3.7300398813939894e-11,0.03854207052310776,0.03854207052310776,1.0429438533026307,3.474501237585782e-10,TRUE,FALSE,Significant_small_difference
VFG051837(gb|WP_003083691.1),,8182,2746,558,93,8740,2839,0.9361556064073226,0.9672419866150053,0.4966263728673477,5.4793509186148107e-11,-0.031086380207682618,0.031086380207682618,1.0332064242257573,5.075926180650864e-10,TRUE,FALSE,Significant_small_difference
VFG041039(gb|NP_251057),PA2367,8182,2550,558,289,8740,2839,0.9361556064073226,0.8982035928143712,1.661733781082228,7.895247608025725e-11,0.03795201359295142,0.03795201359295142,1.0422532418001527,7.273982222476159e-10,TRUE,FALSE,Significant_small_difference
VFG041036(gb|NP_251054),PA2364,8180,2551,560,288,8740,2839,0.9359267734553776,0.8985558295174357,1.6490208337224768,1.4181224940674427e-10,0.037370943937941825,0.037370943937941825,1.0415900077772704,1.299431807063972e-9,TRUE,FALSE,Significant_small_difference
VFG041037(gb|NP_251055),PA2365,8187,2554,553,285,8740,2839,0.9367276887871854,0.8996125396266291,1.6519708578721695,1.4838360498292566e-10,0.03711514916055625,0.03711514916055625,1.041256816157721,1.3522959891957442e-9,TRUE,FALSE,Significant_small_difference
VFG051829(gb|WP_003138819.1),PA2774,8182,2553,558,286,8740,2839,0.9361556064073226,0.8992603029235646,1.6425533928537055,2.2345058509838433e-10,0.036895303483758024,0.036895303483758024,1.0410285023855812,2.025471432666e-9,TRUE,FALSE,Significant_small_difference
VFG015551(gb|NP_248741),PA0051,8652,2838,88,1,8740,2839,0.9899313501144165,0.9996477632969355,0.03464728956957472,5.134702662142149e-10,-0.009716413182519035,0.009716413182519035,1.0098152393914952,4.6294698868297665e-9,TRUE,FALSE,Significant_small_difference
VFG023254(gb|WP_013826991),,85,1,8655,2838,8740,2839,0.009725400457665904,3.522367030644593e-4,27.868688415497576,1.2971098874672232e-9,0.009373163754601444,0.009373163754601444,27.6104118993135,1.1632591863136907e-8,TRUE,FALSE,Significant_small_difference
VFG051614(gb|WP_003131567.1),PA2362,8203,2567,537,272,8740,2839,0.938558352402746,0.9041916167664671,1.6185323253679518,1.5340943266002663e-9,0.0343667356362789,0.0343667356362789,1.03800824404807,1.368509542141825e-8,TRUE,FALSE,Significant_small_difference
VFG038755(gb|WP_011706626),,70,0,8670,2839,8740,2839,0.008009153318077803,0,Inf,3.843603593913002e-9,0.008009153318077803,0.008009153318077803,Inf,3.4106924522828e-8,TRUE,FALSE,Significant_small_difference
VFG014707(gb|NP_250151),,8244,2586,496,253,8740,2839,0.9432494279176201,0.9108841141246918,1.6260278948996811,4.446417081724943e-9,0.032365313792928285,0.032365313792928285,1.0355317578724375,3.904509999889715e-8,TRUE,FALSE,Significant_small_difference
VFG019877(gb|WP_003159935),PA1460,8244,2586,496,253,8740,2839,0.9432494279176201,0.9108841141246918,1.6260278948996811,4.446417081724943e-9,0.032365313792928285,0.032365313792928285,1.0355317578724375,3.904509999889715e-8,TRUE,FALSE,Significant_small_difference
VFG014629(gb|NP_250146),,8243,2587,497,252,8740,2839,0.9431350114416476,0.9112363508277562,1.615522459087724,5.968134601280367e-9,0.03189866061389135,0.03189866061389135,1.0350059132133118,5.2136139573879273e-8,TRUE,FALSE,Significant_small_difference
VFG001265(gb|NP_250145),,8249,2589,491,250,8740,2839,0.9438215102974828,0.9119408242338851,1.6222118034515307,6.3538037817161045e-9,0.03188068606359773,0.03188068606359773,1.0349591609635203,5.521914008233686e-8,TRUE,FALSE,Significant_small_difference
VFG014618(gb|WP_003083064),PA1454,8248,2589,492,250,8740,2839,0.9437070938215103,0.9119408242338851,1.618718732974085,6.53797976725751e-9,0.031766269587625184,0.031766269587625184,1.034833696160397,5.652837891074955e-8,TRUE,FALSE,Significant_small_difference
VFG043013(gb|NP_250148),,8247,2589,493,250,8740,2839,0.9435926773455378,0.9119408242338851,1.6152398322581685,6.83302586153566e-9,0.03165185311165264,0.03165185311165264,1.0347082313572737,5.87779673599445e-8,TRUE,FALSE,Significant_small_difference
VFG019865(gb|WP_003083070),PA1455,8242,2587,498,252,8740,2839,0.943020594965675,0.9112363508277562,1.6120832023971292,7.764089484998102e-9,0.031784244137918805,0.031784244137918805,1.0348803514138196,6.644799427262334e-8,TRUE,FALSE,Significant_small_difference
VFG022941(gb|WP_013827874),,8128,2543,612,296,8740,2839,0.9299771167048055,0.8957379358929201,1.5458225383380748,1.0416061634173573e-8,0.034239180811885483,0.034239180811885483,1.0382245514451212,8.869434300614467e-8,TRUE,FALSE,Significant_small_difference
VFG000176(gb|NP_251787),PA3097,8491,2692,249,147,8740,2839,0.9715102974828376,0.9482212046495245,1.861895077686238,1.3069338192356905e-8,0.02328909283331304,0.02328909283331304,1.0245608226425615,1.1072816177042083e-7,TRUE,FALSE,Significant_small_difference
VFG042747(gb|NP_252990),PA4300,8289,2608,451,231,8740,2839,0.9483981693363844,0.9186333215921099,1.627832063250768,1.4706116619059524e-8,0.02976484774427457,0.02976484774427457,1.0324012280467774,1.239725630986718e-7,TRUE,FALSE,Significant_small_difference
VFG016036(gb|WP_010954974),,16,29,8724,2810,8740,2839,0.0018306636155606408,0.010214864388869321,0.17774304563609217,1.5868459728197667e-8,-0.00838420077330868,0.00838420077330868,5.579869672419866,1.3310558757085207e-7,TRUE,FALSE,Significant_small_difference
VFG041019(gb|NP_250352),,8492,2693,248,146,8740,2839,0.9716247139588101,0.9485734413525889,1.8562188928683934,1.7042661288503694e-8,0.023051272606221196,0.023051272606221196,1.0243009888336658,1.4224716303176845e-7,TRUE,FALSE,Significant_small_difference
VFG042693(gb|NP_250818),PA2128,8160,2558,580,281,8740,2839,0.9336384439359268,0.9010214864388869,1.5454321824416297,2.4472559177626788e-8,0.032616957497039856,0.032616957497039856,1.0361999774566444,2.032548511008806e-7,TRUE,FALSE,Significant_small_difference
VFG015080(gb|NP_251276),PA2586,8243,2591,497,248,8740,2839,0.9431350114416476,0.9126452976400141,1.5874276625219295,2.5765398958235404e-8,0.030489713801633456,0.030489713801633456,1.0334080654121334,2.1294344433129851e-7,TRUE,FALSE,Significant_small_difference
VFG043012(gb|NP_250147),,8194,2572,546,267,8740,2839,0.9375286041189931,0.9059528002817894,1.557848595292456,2.7709009209832808e-8,0.03157580383720371,0.03157580383720371,1.0348536963817345,2.2788970501355179e-7,TRUE,FALSE,Significant_small_difference
VFG022385(gb|WP_041319509),,432,74,8308,2765,8740,2839,0.0494279176201373,0.02606551602676999,1.942849740511519,3.2761932046166185e-8,0.023362401593367308,0.023362401593367308,1.8962953800482403,2.681389195623116e-7,TRUE,FALSE,Significant_small_difference
VFG000170(gb|NP_252920),PA4230,8207,2578,533,261,8740,2839,0.9390160183066362,0.9080662205001762,1.558821607899004,4.0161625086171873e-08,0.03094979780646001,0.03094979780646001,1.034083194713941,3.2711352606418255e-7,TRUE,FALSE,Significant_small_difference
VFG043018(gb|NP_252039),PA3349,8284,2609,456,230,8740,2839,0.9478260869565217,0.9189855582951744,1.6014351330508578,4.5859479199031035e-8,0.028840528661347342,0.028840528661347342,1.0313830053160464,3.7172635543060727e-7,TRUE,FALSE,Significant_small_difference
VFG019913(gb|WP_003085548),PA0764,8291,2612,449,227,8740,2839,0.9486270022883295,0.9200422684043678,1.6046987365877152,4.8175204936349354e-8,0.028584733883961766,0.028584733883961766,1.0310689354887317,3.8862868671141154e-7,TRUE,FALSE,Significant_small_difference
VFG000140(gb|NP_253696),PA5009,8263,2601,477,238,8740,2839,0.9454233409610984,0.9161676646706587,1.5850274970179248,5.0431837927267715e-8,0.02925567629043968,0.02925567629043968,1.0319326662778001,4.048956130732065e-7,TRUE,FALSE,Significant_small_difference
VFG014668(gb|NP_252042),PA3352,8225,2586,515,253,8740,2839,0.9410755148741419,0.9108841141246918,1.562435737375888,5.199995152807782e-8,0.030191400749450037,0.030191400749450037,1.0331451611475981,4.1550672168881133e-7,TRUE,FALSE,Significant_small_difference
VFG019869(gb|WP_003098742),PA3351,8215,2582,525,257,8740,2839,0.9399313501144165,0.9094751673124339,1.557423718067661,5.256207477311828e-8,0.03045618280198259,0.03045618280198259,1.0334876463883922,4.1801725503527085e-7,TRUE,FALSE,Significant_small_difference
VFG000179(gb|NP_251790),PA3100,8223,2585,517,254,8740,2839,0.9408466819221968,0.9105318774216273,1.5627675818728328,5.4507390419784756e-8,0.030314804500569448,0.030314804500569448,1.0332935125636815,4.314528650129441e-7,TRUE,FALSE,Significant_small_difference
VFG000180(gb|NP_251791),PA3101,8222,2585,518,254,8740,2839,0.9407322654462242,0.9105318774216273,1.5595613063177696,5.592884654481361e-8,0.030200388024596903,0.030200388024596903,1.0331678536177293,4.3858621057932906e-7,TRUE,FALSE,Significant_small_difference
VFG042743(gb|NP_252986),PA4296,8268,2603,472,236,8740,2839,0.9459954233409611,0.9168721380767876,1.588097041632436,5.5814321737645325e-8,0.029123285264173515,0.029123285264173515,1.0317637367902377,4.3858621057932906e-7,TRUE,FALSE,Significant_small_difference
VFG044102(gb|NP_253396),PA4708,8277,2607,463,232,8740,2839,0.947025171624714,0.9182810848890455,1.5908146019534628,5.625513811656804e-8,0.028744086735668528,0.028744086735668528,1.031302056863277,4.3910260585432276e-7,TRUE,FALSE,Significant_small_difference
VFG044085(gb|NP_251074),PA2384,8161,2562,579,277,8740,2839,0.9337528604118993,0.9024304332511448,1.523870596285084,7.337351290746484e-8,0.03132242716075451,0.03132242716075451,1.0347089659287205,5.700817638801186e-7,TRUE,FALSE,Significant_small_difference
VFG014694(gb|NP_253641),PA4954,8266,2603,474,236,8740,2839,0.945766590389016,0.9168721380767876,1.5810144108688047,7.490489655138127e-8,0.028894452312228425,0.028894452312228425,1.031514156786176,5.79310346723068e-7,TRUE,FALSE,Significant_small_difference
VFG000183(gb|NP_251794),PA3104,8247,2596,493,243,8740,2839,0.9435926773455378,0.9144064811553364,1.565784679194824,7.688716199668176e-8,0.029186196190201352,0.029186196190201352,1.0319181860492996,5.91925822495002e-7,TRUE,FALSE,Significant_small_difference
VFG044225(gb|WP_011533698),,8235,2591,505,248,8740,2839,0.9422196796338673,0.9126452976400141,1.5607668119133384,8.140178491713644e-8,0.029574381993853205,0.029574381993853205,1.0324051217601502,6.238336789558729e-7,TRUE,FALSE,Significant_small_difference
VFG044449(gb|NP_253342),PA4653,8289,2613,451,226,8740,2839,0.9483981693363844,0.9203945051074321,1.5895540760189328,8.407009738408679e-8,0.028003664228952285,0.028003664228952285,1.0304257186169137,6.41367349274074e-7,TRUE,FALSE,Significant_small_difference
VFG000132(gb|NP_252240),PA3550,8242,2594,498,245,8740,2839,0.943020594965675,0.9137020077492075,1.5630786770164622,8.6350076822172345e-08,0.029318587216467518,0.029318587216467518,1.0320876904809373,6.557938266764981e-7,TRUE,FALSE,Significant_small_difference
VFG020091(gb|WP_003106955),PA4227,8269,2605,471,234,8740,2839,0.9461098398169336,0.9175766114829165,1.5769621245575518,8.812856625445821e-8,0.02853322833401717,0.02853322833401717,1.0310962899194913,6.662993843274284e-7,TRUE,FALSE,Significant_small_difference
VFG038916(gb|WP_011705263),,8211,2582,529,257,8740,2839,0.9394736842105263,0.9094751673124339,1.544896050045539,9.133411538810505e-8,0.02999851689809241,0.02999851689809241,1.0329844265970891,6.874523149301122e-7,TRUE,FALSE,Significant_small_difference
VFG044445(gb|NP_253338),PA4649,8236,2592,504,247,8740,2839,0.9423340961098399,0.9129975343430785,1.5571461969451799,1.0016964015075134e-7,0.02933656176676136,0.02933656176676136,1.0321321369042575,7.477553274687805e-7,TRUE,FALSE,Significant_small_difference
VFG014720(gb|NP_250152),,8264,2603,476,236,8740,2839,0.9455377574370709,0.9168721380767876,1.5739912941877334,1.0023292052665742e-7,0.028665619360283334,0.028665619360283334,1.0312645767821147,7.477553274687805e-7,TRUE,FALSE,Significant_small_difference
VFG000211(gb|NP_250407),PA1716,8682,2839,58,0,8740,2839,0.9933638443935927,1,0,1.0916438361928527e-7,-0.00663615560640729,0.00663615560640729,1.0066804883667357,8.107980210665857e-7,TRUE,FALSE,Significant_small_difference
VFG042741(gb|NP_252984),PA4294,8246,2597,494,242,8740,2839,0.9434782608695652,0.9147587178584008,1.555397780711511,1.2513050098531944e-7,0.028719543011164417,0.028719543011164417,1.0313957576467832,9.253071257072305e-7,TRUE,FALSE,Significant_small_difference
VFG044100(gb|NP_253394),PA4706,8264,2604,476,235,8740,2839,0.9455377574370709,0.9172243747798521,1.566720698576596,1.2672940215126799e-7,0.028313382657218833,0.028313382657218833,1.03086854583865,9.33038305794925e-7,TRUE,FALSE,Significant_small_difference
VFG050296(gb|NP_250645),PA1955,8223,2588,517,251,8740,2839,0.9408466819221968,0.9115885875308207,1.5425216089861207,1.364035223810242e-7,0.029258094391376055,0.029258094391376055,1.0320957225568457,9.973123987407566e-7,TRUE,FALSE,Significant_small_difference
VFG019879(gb|WP_012614339),PA1461,8261,2603,479,236,8740,2839,0.9451945080091533,0.9168721380767876,1.5635665773861804,1.3664244609081542e-7,0.0283223699323657,0.0283223699323657,1.0308902067760224,9.973123987407566e-7,TRUE,FALSE,Significant_small_difference
VFG050298(gb|NP_250643),PA1953,8232,2592,508,247,8740,2839,0.9418764302059497,0.9129975343430785,1.5441362355247963,1.404740372029532e-7,0.02887889586287118,0.02887889586287118,1.0316308585473346,1.0208587358800822e-6,TRUE,FALSE,Significant_small_difference
VFG000134(gb|NP_249454),PA0763,8240,2595,500,244,8740,2839,0.9427917620137299,0.9140542444522719,1.5494997893443816,1.4434925936415329e-7,0.028737517561458037,0.028737517561458037,1.031439619405387,1.0434044715694165e-6,TRUE,FALSE,Significant_small_difference
VFG044099(gb|NP_253393),PA4705,8268,2606,472,233,8740,2839,0.9459954233409611,0.917928848185981,1.5661066634969283,1.4481414374095105e-7,0.028066575154980122,0.028066575154980122,1.0305759811454291,1.0434044715694165e-6,TRUE,FALSE,Significant_small_difference
VFG016077(gb|WP_003113068),PA2426,8179,2571,561,268,8740,2839,0.935812356979405,0.9056005635787249,1.5196823160529283,1.490747056267817e-7,0.030211793400680143,0.030211793400680143,1.0333610585237383,1.0695317178159742e-6,TRUE,FALSE,Significant_small_difference
VFG000121(gb|NP_249453),PA0762,8239,2595,501,244,8740,2839,0.9426773455377574,0.9140542444522719,1.5462196437024653,1.500005155294921e-7,0.02862310108548549,0.02862310108548549,1.0313144446942941,1.0716138524691683e-6,TRUE,FALSE,Significant_small_difference
VFG042734(gb|NP_249343),PA0652,8247,2598,493,241,8740,2839,0.9435926773455378,0.9151109545614653,1.5517035513168735,1.5368041090058466e-7,0.02848172278407246,0.02848172278407246,1.0311237917567289,1.0932707712168175e-6,TRUE,FALSE,Significant_small_difference
VFG014644(gb|WP_003091731),PA3350,8245,2597,495,242,8740,2839,0.9433638443935927,0.9147587178584008,1.5520676640334081,1.6072813337582925e-7,0.02860512653519187,0.02860512653519187,1.0312706793351596,1.1386034994607064e-6,TRUE,FALSE,Significant_small_difference
VFG042739(gb|NP_254019),PA5332,8264,2605,476,234,8740,2839,0.9455377574370709,0.9175766114829165,1.5594556810040257,1.6180520058562804e-7,0.027961145954154443,0.027961145954154443,1.0304728189496524,1.1414375237965225e-6,TRUE,FALSE,Significant_small_difference
VFG000114(gb|NP_253218),PA4528,8271,2608,469,231,8740,2839,0.9463386727688787,0.9186333215921099,1.5619640953475693,1.7196105984232124e-7,0.027705351176768866,0.027705351176768866,1.0301593144136683,1.2080264453923067e-6,TRUE,FALSE,Significant_small_difference
VFG000212(gb|NP_250408),PA1717,8683,2839,57,0,8740,2839,0.9934782608695653,1,0,1.7864083600445352e-7,-0.006521739130434745,0.006521739130434745,1.0065645514223194,1.2497446037489984e-6,TRUE,FALSE,Significant_small_difference
VFG014965(gb|WP_003096397),PA5261,8259,2603,481,236,8740,2839,0.9449656750572082,0.9168721380767876,1.556689004880079,1.8115196584334829e-7,0.028093536980420608,0.028093536980420608,1.0306406267719608,1.2620752661648148e-6,TRUE,FALSE,Significant_small_difference
VFG041012(gb|NP_250202),,8650,2835,90,4,8740,2839,0.9897025171624714,0.9985910531877422,0.13561857443993933,1.9388503615548035e-7,-0.008888536025270843,0.008888536025270843,1.0089810179029903,1.3397138154022126e-6,TRUE,FALSE,Significant_small_difference
VFG051491(gb|WP_011666716.1),PA1511,8650,2835,90,4,8740,2839,0.9897025171624714,0.9985910531877422,0.13561857443993933,1.9388503615548035e-7,-0.008888536025270843,0.008888536025270843,1.0089810179029903,1.3397138154022126e-6,TRUE,FALSE,Significant_small_difference
VFG044447(gb|NP_253340),PA4651,8256,2602,484,237,8740,2839,0.9446224256292907,0.9165199013737232,1.5536282138011022,1.94956188187762e-7,0.028102524255567474,0.028102524255567474,1.03066220844026,1.341616870549252e-6,TRUE,FALSE,Significant_small_difference
VFG042694(gb|NP_250819),PA2129,8176,2571,564,268,8740,2839,0.9354691075514874,0.9056005635787249,1.5110453412227267,1.977191275443321e-7,0.029868543972762507,0.029868543972762507,1.0329820289143028,1.3550993863404224e-6,TRUE,FALSE,Significant_small_difference
VFG000174(gb|NP_251785),PA3095,8206,2583,534,256,8740,2839,0.9389016018306636,0.9098274040154984,1.5229598422785773,2.0304016537548702e-7,0.02907419781516518,0.02907419781516518,1.031955728841368,1.3859340843039316e-6,TRUE,FALSE,Significant_small_difference
VFG042697(gb|NP_250822),PA2132,8175,2571,565,268,8740,2839,0.9353546910755148,0.9056005635787249,1.508186730485212,2.0446269200797854e-7,0.02975412749678996,0.02975412749678996,1.0328556857111577,1.3900165271187574e-6,TRUE,FALSE,Significant_small_difference
VFG013950(gb|WP_003091119),PA2960,8214,2586,526,253,8740,2839,0.939816933638444,0.9108841141246918,1.5277188929611998,2.1005059888141524e-7,0.02893281951375215,0.02893281951375215,1.03176344725427,1.4131500964175859e-6,TRUE,FALSE,Significant_small_difference
VFG014080(gb|WP_003084602),PA0415,8224,2590,516,249,8740,2839,0.9409610983981693,0.9122930609369496,1.5321995916049085,2.1037999656038794e-7,0.02866803746121971,0.02866803746121971,1.0314241538040165,1.4131500964175859e-6,TRUE,FALSE,Significant_small_difference
VFG043017(gb|NP_252038),PA3348,8253,2601,487,238,8740,2839,0.944279176201373,0.9161676646706587,1.5506054297119183,2.0968904637534185e-7,0.02811151153071434,0.02811151153071434,1.0306838067034594,1.4131500964175859e-6,TRUE,FALSE,Significant_small_difference
VFG019778(gb|WP_003084610),PA0417,8239,2596,501,243,8740,2839,0.9426773455377574,0.9144064811553364,1.5392902141138545,2.3257103238706167e-7,0.02827086438242099,0.02827086438242099,1.0309171741069696,1.556010954780103e-6,TRUE,FALSE,Significant_small_difference
VFG041030(gb|NP_250535),PA1844,8218,2588,522,251,8740,2839,0.94027459954233406,0.9115885875308207,1.526819163565749,2.4004757713980785e-7,0.02868601201151333,0.02868601201151333,1.0314681561440056,1.5996846444969012e-6,TRUE,FALSE,Significant_small_difference
VFG050299(gb|NP_250642),PA1952,8236,2595,504,244,8740,2839,0.9423340961098399,0.9140542444522719,1.5364573003772959,2.491396122015907e-7,0.028279851657567967,0.028279851657567967,1.0309389205610155,1.6537377408341807e-6,TRUE,FALSE,Significant_small_difference
VFG014462(gb|WP_003082220),PA1105,8216,2587,524,252,8740,2839,0.940045766590389,0.9112363508277562,1.5272697935026684,2.5033435133705537e-7,0.02880941576263274,0.02880941576263274,1.0316157446270253,1.6551518288402954e-6,TRUE,FALSE,Significant_small_difference
VFG001253(gb|NP_249794),PA1103,8250,2601,490,238,8740,2839,0.9439359267734554,0.9161676646706587,1.5405527634348646,2.8326116533794915e-7,0.027768262102796704,0.027768262102796704,1.030309148831157,1.8655403310928994e-6,TRUE,FALSE,Significant_small_difference
VFG044088(gb|NP_251102),PA2412,8147,2561,593,278,8740,2839,0.9321510297482838,0.9020781965480803,1.491289074623794,2.853197741465581e-7,0.030072833200203486,0.030072833200203486,1.0333372797561022,1.8717865338953187e-6,TRUE,FALSE,Significant_small_difference
VFG044030(gb|NP_253337),PA4648,8237,2596,503,243,8740,2839,0.9424485125858123,0.9144064811553364,1.5327982715063406,3.046699098168607e-7,0.0280420314304759,0.0280420314304759,1.0306669211213872,1.983295243054931e-6,TRUE,FALSE,Significant_small_difference
VFG044446(gb|NP_253339),PA4650,8237,2596,503,243,8740,2839,0.9424485125858123,0.9144064811553364,1.5327982715063406,3.046699098168607e-7,0.0280420314304759,0.0280420314304759,1.0306669211213872,1.983295243054931e-6,TRUE,FALSE,Significant_small_difference
VFG040873(gb|NP_249372),PA0681,8185,2576,555,263,8740,2839,0.9364988558352403,0.9073617470940472,1.5056316855141443,3.1337555765540275e-7,0.02913710874119313,0.02913710874119313,1.0321118989581706,2.03211996233465e-6,TRUE,FALSE,Significant_small_difference
VFG019923(gb|WP_003093256),PA4033,8193,2579,547,260,8740,2839,0.9374141876430206,0.9084184572032405,1.5099433688278787,3.28784120789204e-7,0.0289957304397801,0.0289957304397801,1.031918913810987,2.1238698377417547e-6,TRUE,FALSE,Significant_small_difference
VFG001236(gb|NP_249769),PA1078,8213,2587,527,252,8740,2839,0.9397025171624714,0.9112363508277562,1.5180221137864243,3.329988326649576e-7,0.028466166334715215,0.028466166334715215,1.0312390592285492,2.14288561783633e-6,TRUE,FALSE,Significant_small_difference
VFG043016(gb|NP_250155),,8220,2590,520,249,8740,2839,0.9405034324942791,0.9122930609369496,1.519675226653022,3.567329264774749e-7,0.028210371557329528,0.028210371557329528,1.0309224883595594,2.2782261895493285e-6,TRUE,FALSE,Significant_small_difference
VFG044084(gb|NP_251073),PA2383,8220,2590,520,249,8740,2839,0.9405034324942791,0.9122930609369496,1.519675226653022,3.567329264774749e-7,0.028210371557329528,0.028210371557329528,1.0309224883595594,2.2782261895493285e-6,TRUE,FALSE,Significant_small_difference
VFG000169(gb|NP_252919),PA4229,8248,2601,492,238,8740,2839,0.9437070938215103,0.9161676646706587,1.533919088963701,3.7126470197200886e-7,0.027539429150851613,0.027539429150851613,1.030059376916289,2.362084103867196e-6,TRUE,FALSE,Significant_small_difference
VFG001240(gb|NP_249773),PA1082,8247,2601,493,238,8740,2839,0.9435926773455378,0.9161676646706587,1.5306224339962982,3.838727783384463e-7,0.027425012674879068,0.027425012674879068,1.029934490958855,2.4331184371376707e-6,TRUE,FALSE,Significant_small_difference
VFG001239(gb|NP_249772),PA1081,8245,2600,495,239,8740,2839,0.9433638443935927,0.9158154279675942,1.5310606558963504,3.9734863095320106e-7,0.02754841642599848,0.02754841642599848,1.0300807516282344,2.509100343771899e-6,TRUE,FALSE,Significant_small_difference
VFG001259(gb|NP_250137),,8244,2600,496,239,8740,2839,0.9432494279176201,0.9158154279675942,1.5277888562939168,4.100718935785028e-7,0.027433999950025934,0.027433999950025934,1.02995581763774,2.579780643930432e-6,TRUE,FALSE,Significant_small_difference
VFG014176(gb|WP_003111390),PA1079,8239,2598,501,241,8740,2839,0.9426773455377574,0.9151109545614653,1.5254473470221983,4.5441780303480653e-7,0.0275663909762921,0.0275663909762921,1.0301235504163562,2.8375867256173474e-6,TRUE,FALSE,Significant_small_difference
VFG019803(gb|WP_003082166),PA1083,8239,2598,501,241,8740,2839,0.9426773455377574,0.9151109545614653,1.5254473470221983,4.5441780303480653e-7,0.0275663909762921,0.0275663909762921,1.0301235504163562,2.8375867256173474e-6,TRUE,FALSE,Significant_small_difference
VFG014148(gb|NP_249768),PA1077,8208,2586,532,253,8740,2839,0.9391304347826087,0.9108841141246918,1.5093875053132542,4.5954843535504243e-7,0.02824632065791688,0.02824632065791688,1.0310097851306366,2.8590356531682713e-6,TRUE,FALSE,Significant_small_difference
VFG001225(gb|NP_249099),PA0408,8218,2590,522,249,8740,2839,0.94027459954233406,0.9122930609369496,1.5134850185166413,4.6273865435840814e-7,0.027981538605384437,0.027981538605384437,1.0306716556373308,2.868299159001015e-6,TRUE,FALSE,Significant_small_difference
VFG019770(gb|WP_003100938),PA0412,8257,2605,483,234,8740,2839,0.9447368421052632,0.9175766114829165,1.5355555407167767,4.7352419457292333e-7,0.027160230622346737,0.027160230622346737,1.0295999595918781,2.924402168681131e-6,TRUE,FALSE,Significant_small_difference
VFG001227(gb|NP_249101),PA0410,8226,2593,514,246,8740,2839,0.9411899313501144,0.913349771046143,1.5182417945999123,4.851057775172848e-7,0.027840160303971406,0.027840160303971406,1.0304813787516294,2.984993944869132e-6,TRUE,FALSE,Significant_small_difference
VFG019847(gb|WP_003083049),PA1444,8215,2589,525,250,8740,2839,0.9399313501144165,0.9119408242338851,1.5109121342763294,4.927908614240018e-7,0.027990525880531414,0.027990525880531414,1.0306933576573305,3.018572345415718e-6,TRUE,FALSE,Significant_small_difference
VFG014486(gb|NP_250133),,8225,2593,515,246,8740,2839,0.9410755148741419,0.913349771046143,1.515109866773677,4.959338906762478e-7,0.02772574382799886,0.02772574382799886,1.0303561074923597,3.018572345415718e-6,TRUE,FALSE,Significant_small_difference
VFG014488(gb|WP_003083042),PA1442,8225,2593,515,246,8740,2839,0.9410755148741419,0.913349771046143,1.515109866773677,4.959338906762478e-7,0.02772574382799886,0.02772574382799886,1.0303561074923597,3.018572345415718e-6,TRUE,FALSE,Significant_small_difference
VFG014527(gb|WP_003083051),PA1445,8212,2588,528,251,8740,2839,0.9395881006864989,0.9115885875308207,1.5083687643774952,5.245503140467941e-7,0.02799951315567817,0.02799951315567817,1.0307150764485975,3.181265573679478e-6,TRUE,FALSE,Significant_small_difference
VFG000178(gb|NP_251789),PA3099,8198,2583,542,256,8740,2839,0.9379862700228833,0.9098274040154984,1.4990203598959841,5.656803111624155e-7,0.02815886600738482,0.02815886600738482,1.0309496788985542,3.406203587927973e-6,TRUE,FALSE,Significant_small_difference
VFG020076(gb|WP_003116905),PA2425,8198,2583,542,256,8740,2839,0.9379862700228833,0.9098274040154984,1.4990203598959841,5.656803111624155e-7,0.02815886600738482,0.02815886600738482,1.0309496788985542,3.406203587927973e-6,TRUE,FALSE,Significant_small_difference
VFG020071(gb|WP_012723748),,8185,2578,555,261,8740,2839,0.9364988558352403,0.9080662205001762,1.493024117660596,5.914575249302739e-7,0.028432635335064127,0.028432635335064127,1.0313111915113449,3.5487451495816433e-6,TRUE,FALSE,Significant_small_difference
VFG000118(gb|NP_253942),PA5255,8234,2597,506,242,8740,2839,0.9421052631578948,0.9147587178584008,1.516305050426012,6.316496999301368e-7,0.027346545299493985,0.027346545299493985,1.029894817907302,3.7550675898551745e-6,TRUE,FALSE,Significant_small_difference
VFG020029(gb|WP_012614267),PA1899,8234,2597,506,242,8740,2839,0.9421052631578948,0.9147587178584008,1.516305050426012,6.316496999301368e-7,0.027346545299493985,0.027346545299493985,1.029894817907302,3.7550675898551745e-6,TRUE,FALSE,Significant_small_difference
VFG014540(gb|WP_003083052),PA1446,8244,2601,496,238,8740,2839,0.9432494279176201,0.9161676646706587,1.52081222162865,6.325262132377637e-7,0.027081763246961432,0.027081763246961432,1.0295598330865527,3.7550675898551745e-6,TRUE,FALSE,Significant_small_difference
VFG015599(gb|NP_064725),PA0005,8251,2604,489,235,8740,2839,0.9440503432494279,0.9172243747798521,1.5226750620445615,6.758094418775124e-7,0.026825968469575856,0.026825968469575856,1.0292468988038117,3.997946382475389e-6,TRUE,FALSE,Significant_small_difference
VFG029696(gb|WP_014942395),,2296,883,6444,1956,8740,2839,0.26270022883295197,0.3110250088059176,0.7893117914881366,6.900122411443791e-7,-0.04832477997296564,0.04832477997296564,1.183954084043432,4.01158840886008e-6,TRUE,FALSE,Significant_small_difference
VFG029699(gb|WP_014385156),,2296,883,6444,1956,8740,2839,0.26270022883295197,0.3110250088059176,0.7893117914881366,6.900122411443791e-7,-0.04832477997296564,0.04832477997296564,1.183954084043432,4.01158840886008e-6,TRUE,FALSE,Significant_small_difference
VFG029700(gb|WP_014380392),,2296,883,6444,1956,8740,2839,0.26270022883295197,0.3110250088059176,0.7893117914881366,6.900122411443791e-7,-0.04832477997296564,0.04832477997296564,1.183954084043432,4.01158840886008e-6,TRUE,FALSE,Significant_small_difference
VFG015503(gb|NP_252899),PA4210,8230,2596,510,243,8740,2839,0.9416475972540046,0.9144064811553364,1.510477419020503,6.884378669256992e-7,0.027241116098668194,0.027241116098668194,1.0297910356718487,4.01158840886008e-6,TRUE,FALSE,Significant_small_difference
VFG041028(gb|NP_250361),,8230,2596,510,243,8740,2839,0.9416475972540046,0.9144064811553364,1.510477419020503,6.884378669256992e-7,0.027241116098668194,0.027241116098668194,1.0297910356718487,4.01158840886008e-6,TRUE,FALSE,Significant_small_difference
VFG001234(gb|NP_249107),PA0416,8248,2603,492,236,8740,2839,0.9437070938215103,0.9168721380767876,1.5198617763979465,7.218271031493514e-7,0.02683495574472272,0.02683495574472272,1.0292679367496227,4.18213228834985e-6,TRUE,FALSE,Significant_small_difference
VFG001257(gb|NP_250135),,8216,2591,524,248,8740,2839,0.940045766590389,0.9126452976400141,1.5007097309036543,7.468746599848768e-7,0.027400468950374846,0.027400468950374846,1.0300231305866903,4.268578565201703e-6,TRUE,FALSE,Significant_small_difference
VFG041024(gb|NP_250357),,8216,2591,524,248,8740,2839,0.940045766590389,0.9126452976400141,1.5007097309036543,7.468746599848768e-7,0.027400468950374846,0.027400468950374846,1.0300231305866903,4.268578565201703e-6,TRUE,FALSE,Significant_small_difference
VFG051511(gb|WP_003097811.1),PA1657,8216,2591,524,248,8740,2839,0.940045766590389,0.9126452976400141,1.5007097309036543,7.468746599848768e-7,0.027400468950374846,0.027400468950374846,1.0300231305866903,4.268578565201703e-6,TRUE,FALSE,Significant_small_difference
VFG013823(gb|WP_003092804),PA3805,8247,2603,493,236,8740,2839,0.9435926773455378,0.9168721380767876,1.5165953324009902,7.420988429679881e-7,0.026720539268750176,0.026720539268750176,1.029143146747592,4.268578565201703e-6,TRUE,FALSE,Significant_small_difference
VFG001258(gb|NP_250136),,8213,2590,527,249,8740,2839,0.9397025171624714,0.9122930609369496,1.4982150416907416,7.927280843245882e-7,0.027409456225521822,0.027409456225521822,1.0300445738317592,4.515336318146134e-6,TRUE,FALSE,Significant_small_difference
VFG001226(gb|NP_249100),PA0409,8211,2589,529,250,8740,2839,0.9394736842105263,0.9119408242338851,1.498758590651522,8.209318528726292e-7,0.027532859976641233,0.027532859976641233,1.0301914984448375,4.644601019943801e-6,TRUE,FALSE,Significant_small_difference
VFG002073(gb|NP_248777),PA0087,8211,2589,529,250,8740,2839,0.9394736842105263,0.9119408242338851,1.498758590651522,8.209318528726292e-7,0.027532859976641233,0.027532859976641233,1.0301914984448375,4.644601019943801e-6,TRUE,FALSE,Significant_small_difference
VFG041015(gb|NP_250348),,8215,2591,525,248,8740,2839,0.9399313501144165,0.9126452976400141,1.497669239180943,9.362963314671082e-7,0.02728605247440241,0.02728605247440241,1.0298977626301924,5.279583996165701e-6,TRUE,FALSE,Significant_small_difference
VFG000177(gb|NP_251788),PA3098,8225,2595,515,244,8740,2839,0.9410755148741419,0.9140542444522719,1.5016350530913276,9.458388041954254e-7,0.02702127042186997,0.02702127042186997,1.0295619987389937,5.315614079578291e-6,TRUE,FALSE,Significant_small_difference
VFG002069(gb|NP_248773),PA0083,8212,2590,528,249,8740,2839,0.9395881006864989,0.9122930609369496,1.4951957484885912,9.942970718908997e-7,0.027295039749549277,0.027295039749549277,1.029919157470645,5.569384927601518e-6,TRUE,FALSE,Significant_small_difference
VFG044094(gb|NP_252099),PA3409,8271,2613,469,226,8740,2839,0.9463386727688787,0.9203945051074321,1.5252349485257408,1.0500369830205707e-6,0.025944167661446582,0.025944167661446582,1.028188094906562,5.86212699792279e-6,TRUE,FALSE,Significant_small_difference
VFG002071(gb|NP_248775),PA0085,8209,2589,531,250,8740,2839,0.9392448512585813,0.9119408242338851,1.4927504783148378,1.055408056135083e-6,0.027304027024696143,0.027304027024696143,1.0299405688385912,5.872666609385313e-6,TRUE,FALSE,Significant_small_difference
VFG015914(gb|NP_250883),PA2193,8025,2520,715,319,8740,2839,0.9181922196796338,0.8876364917224375,1.4207409836237042,1.2006731258675437e-6,0.0305557279571963,0.0305557279571963,1.0344236951073333,6.658996349383812e-6,TRUE,FALSE,Significant_small_difference
VFG000136(gb|NP_249456),PA0765,8210,2590,530,249,8740,2839,0.9393592677345538,0.9122930609369496,1.4891913404522887,1.2763074420338748e-6,0.027066206797604186,0.027066206797604186,1.0296683247484164,7.055260154980697e-6,TRUE,FALSE,Significant_small_difference
VFG041032(gb|NP_251050),PA2360,8694,2796,46,43,8740,2839,0.9947368421052631,0.9848538217682282,2.906307534299963,1.2948595947555043e-6,0.00988302033703492,0.00988302033703492,1.0100350124237634,7.134422473064642e-6,TRUE,FALSE,Significant_small_difference
VFG051487(gb|NP_248953.1),PA0262,8651,2834,89,5,8740,2839,0.9898169336384439,0.9982388164846777,0.17150659063949894,1.4268929109607155e-6,-0.008421882846233797,0.008421882846233797,1.0085085257283648,7.836291361171878e-6,TRUE,FALSE,Significant_small_difference
VFG042748(gb|NP_252991),PA4301,8244,2604,496,235,8740,2839,0.9432494279176201,0.9172243747798521,1.4999144447170247,1.5062301802145997e-6,0.02602505313776804,0.02602505313776804,1.0283737042465912,8.245143129356542e-6,TRUE,FALSE,Significant_small_difference
VFG040870(gb|NP_249369),PA0678,8168,2575,572,264,8740,2839,0.9345537757437071,0.9070095103909828,1.4639653498102685,1.5187224683908696e-6,0.027544265352724362,0.027544265352724362,1.0303682211015086,8.28662162364727e-6,TRUE,FALSE,Significant_small_difference
VFG051562(gb|WP_003110438.1),PA1666,8211,2591,529,248,8740,2839,0.9394736842105263,0.9126452976400141,1.4856222169742672,1.542009621884207e-6,0.02682838657051223,0.02682838657051223,1.0293962908042007,8.386542653215397e-6,TRUE,FALSE,Significant_small_difference
VFG002066(gb|NP_248770),PA0080,8207,2590,533,249,8740,2839,0.9390160183066362,0.9122930609369496,1.480269212468103,1.6638712477374161e-6,0.02672295736968655,0.02672295736968655,1.0292920756650734,9.02021518869866e-6,TRUE,FALSE,Significant_small_difference
VFG051575(gb|WP_003087622.1),PA1668,8245,2605,495,234,8740,2839,0.9433638443935927,0.9175766114829165,1.4961564200205735,1.8248388611610526e-6,0.025787232910676194,0.025787232910676194,1.0281036292642647,9.86114846127415e-6,TRUE,FALSE,Significant_small_difference
VFG015399(gb|WP_003083642),PA0076,8228,2599,512,240,8740,2839,0.9414187643020595,0.9154631912645298,1.4839288057536397,2.079275402523897e-6,0.02595557303752971,0.02595557303752971,1.0283523939413417,1.120018635353128e-5,TRUE,FALSE,Significant_small_difference
VFG044091(gb|NP_252096),PA3406,8682,2838,58,1,8740,2839,0.9933638443935927,0.9996477632969355,0.0527503978232728,2.0918232716499087e-6,-0.006283918903342789,0.006283918903342789,1.0063258985504742,1.1231891834400466e-5,TRUE,FALSE,Significant_small_difference
VFG014397(gb|WP_003140591),PA1100,8170,2577,570,262,8740,2839,0.9347826086956522,0.9077139837971117,1.4571983838084546,2.183046726620809e-6,0.02706862489854056,0.02706862489854056,1.0298206542828703,1.1647521459122417e-5,TRUE,FALSE,Significant_small_difference
VFG002072(gb|NP_248776),PA0086,8236,2602,504,237,8740,2839,0.9423340961098399,0.9165199013737232,1.4883686047045366,2.1814718058392677e-6,0.02581419473611668,0.02581419473611668,1.028165449214387,1.1647521459122417e-5,TRUE,FALSE,Significant_small_difference
VFG042746(gb|NP_252989),PA4299,8233,2601,507,238,8740,2839,0.9419908466819222,0.9161676646706587,1.4858346536703768,2.313004188951471e-6,0.025823182011263546,0.025823182011263546,1.028186087554778,1.2301971806221388e-5,TRUE,FALSE,Significant_small_difference
VFG050295(gb|NP_250646),PA1956,8185,2583,555,256,8740,2839,0.9364988558352403,0.9098274040154984,1.461590557729014,2.488233448655017e-6,0.026671451819741843,0.026671451819741843,1.0293148477414817,1.3192332057963391e-5,TRUE,FALSE,Significant_small_difference
VFG002061(gb|NP_248765),PA0075,8229,2600,511,239,8740,2839,0.941533180778032,0.9158154279675942,1.4802484191028216,2.5081990122922922e-6,0.025717752810437866,0.025717752810437866,1.0280818077803204,1.3256500108855188e-5,TRUE,FALSE,Significant_small_difference
VFG019949(gb|WP_012614297),PA1694,8249,2608,491,231,8740,2839,0.9438215102974828,0.9186333215921099,1.4880168689404134,2.5942196679186877e-6,0.025188188705372982,0.025188188705372982,1.0274191977509792,1.3668294875346585e-5,TRUE,FALSE,Significant_small_difference
VFG041010(gb|NP_248760),PA0070,8246,2607,494,232,8740,2839,0.9434782608695652,0.9182810848890455,1.4854124669509876,2.7479109807891548e-6,0.025197175980519737,0.025197175980519737,1.0274395023431897,1.4432953001901916e-5,TRUE,FALSE,Significant_small_difference
VFG040869(gb|NP_249368),PA0677,8187,2584,553,255,8740,2839,0.9367276887871854,0.9101796407185628,1.4609381094247387,2.930613374765113e-6,0.026548048068622543,0.026548048068622543,1.0291679212332892,1.5344764440540312e-5,TRUE,FALSE,Significant_small_difference
VFG041026(gb|NP_250359),,8241,2605,499,234,8740,2839,0.9429061784897025,0.9175766114829165,1.483444451439532,3.0018912633508857e-6,0.025329567006786013,0.025329567006786013,1.0276048524883936,1.566931476783156e-5,TRUE,FALSE,Significant_small_difference
VFG000189(gb|NP_250385),,8250,2609,490,230,8740,2839,0.9439359267734554,0.9189855582951744,1.484210121980601,3.1325582442770658e-6,0.024950368478281026,0.024950368478281026,1.0271499026867918,1.6250748307234254e-5,TRUE,FALSE,Significant_small_difference
VFG042752(gb|NP_252995),PA4305,8250,2609,490,230,8740,2839,0.9439359267734554,0.9189855582951744,1.484210121980601,3.1325582442770658e-6,0.024950368478281026,0.024950368478281026,1.0271499026867918,1.6250748307234254e-5,TRUE,FALSE,Significant_small_difference
VFG030408(gb|WP_015355418),,0,9,8740,2830,8740,2839,0,0.0031701303275801338,0,3.1716630891228027e-6,-0.0031701303275801338,0.0031701303275801338,Inf,1.640314100693572e-5,TRUE,FALSE,Significant_small_difference
VFG019985(gb|WP_003114657),PA0073,8222,2599,518,240,8740,2839,0.9407322654462242,0.9154631912645298,1.4656727263005227,4.285265988217628e-6,0.02526907418169444,0.02526907418169444,1.0276025015782342,2.2094674177782633e-5,TRUE,FALSE,Significant_small_difference
VFG000203(gb|NP_250399),PA1708,8695,2839,45,0,8740,2839,0.9948512585812357,1,0,5.003172774994941e-6,-0.005148741418764313,0.005148741418764313,1.0051753881541117,2.5717528349516683e-5,TRUE,FALSE,Significant_small_difference
VFG041046(gb|NP_251392),PA2702,8169,2580,571,259,8740,2839,0.9346681922196797,0.908770693906305,1.436144347901582,5.852600649769893e-6,0.025897498313374623,0.025897498313374623,1.028497285934756,2.999235469760498e-5,TRUE,FALSE,Significant_small_difference
VFG016123(gb|WP_011061773),,8150,2573,590,266,8740,2839,0.9324942791762014,0.9063050369848539,1.428015594781558,6.494683825045511e-6,0.02618924219134755,0.02618924219134755,1.0288967192309506,3.3181930087959795e-05,TRUE,FALSE,Significant_small_difference
VFG044095(gb|NP_252100),PA3410,8173,2582,567,257,8740,2839,0.9351258581235697,0.9094751673124339,1.4346984055437697,6.650594913678529e-6,0.0256506908111358,0.0256506908111358,1.0282038385797112,3.380527692887767e-5,TRUE,FALSE,Significant_small_difference
VFG000188(gb|NP_250384),,8208,2595,532,244,8740,2839,0.9391304347826087,0.9140542444522719,1.4506510982108007,6.6768429521448775e-6,0.02507619033033681,0.02507619033033681,1.0274340286504147,3.380527692887767e-5,TRUE,FALSE,Significant_small_difference
VFG015100(gb|WP_003087674),PA1693,8208,2595,532,244,8740,2839,0.9391304347826087,0.9140542444522719,1.4506510982108007,6.6768429521448775e-6,0.02507619033033681,0.02507619033033681,1.0274340286504147,3.380527692887767e-5,TRUE,FALSE,Significant_small_difference
VFG044090(gb|NP_252095),PA3405,8687,2838,53,1,8740,2839,0.9939359267734553,0.9996477632969355,0.0577600416379289,8.301733945414427e-6,-0.005711836523480174,0.005711836523480174,1.005746684841167,4.1906357580744686e-5,TRUE,FALSE,Significant_small_difference
VFG020061(gb|WP_012614136),PA2395,8182,2586,558,253,8740,2839,0.9361556064073226,0.9108841141246918,1.4345066630952492,8.41976025451268e-6,0.025271492282630814,0.025271492282630814,1.0277439159282247,4.237527101226382e-5,TRUE,FALSE,Significant_small_difference
VFG042745(gb|NP_252988),PA4298,8194,2591,546,248,8740,2839,0.9375286041189931,0.9126452976400141,1.4363914650082261,8.476997968034347e-6,0.02488330647897896,0.02488330647897896,1.0272650355437365,4.253636480388664e-5,TRUE,FALSE,Significant_small_difference
VFG040874(gb|NP_249373),PA0682,8216,2599,524,240,8740,2839,0.940045766590389,0.9154631912645298,1.4478346964665987,8.623815610248725e-6,0.02458257532585917,0.02458257532585917,1.0268526092151267,4.301702106177323e-5,TRUE,FALSE,Significant_small_difference
VFG000201(gb|NP_250397),PA1706,8228,2604,512,235,8740,2839,0.9414187643020595,0.9172243747798521,1.4502270500537222,8.61274651783929e-6,0.024194389522207427,0.024194389522207427,1.0263778309729443,4.301702106177323e-5,TRUE,FALSE,Significant_small_difference
VFG000198(gb|NP_250394),PA1703,8696,2839,44,0,8740,2839,0.9949656750572082,1,0,8.672821596139983e-6,-0.005034324942791768,0.005034324942791768,1.0050597976080957,4.313385607991744e-5,TRUE,FALSE,Significant_small_difference
VFG042742(gb|NP_252985),PA4295,8209,2597,531,242,8740,2839,0.9392448512585813,0.9147587178584008,1.4405364446750588,9.70334916616048e-6,0.024486133400180465,0.024486133400180465,1.0267678601167163,4.811719615925461e-5,TRUE,FALSE,Significant_small_difference
VFG000161(gb|NP_251089),PA2399,2949,1088,5791,1751,8740,2839,0.3374141876430206,0.38323353293413176,0.8195813678447402,9.813130791712376e-6,-0.045819345291111147,0.045819345291111147,1.1357955503032593,4.838043717589062e-5,TRUE,FALSE,Significant_small_difference
VFG043014(gb|NP_250149),,8737,2827,3,12,8740,2839,0.9996567505720824,0.9957731595632265,12.35862967625505,9.813825334611266e-6,0.0038835910088558245,0.0038835910088558245,1.0039000760078323,4.838043717589062e-5,TRUE,FALSE,Significant_small_difference
VFG040876(gb|NP_249375),PA0684,8171,2583,569,256,8740,2839,0.9348970251716248,0.9098274040154984,1.4231941402925532,1.0092173027294353e-5,0.02506962115612632,0.02506962115612632,1.0275542603415573,4.960759103212326e-5,TRUE,FALSE,Significant_small_difference
VFG044092(gb|NP_252097),PA3407,8193,2591,547,248,8740,2839,0.9374141876430206,0.9126452976400141,1.4335908274071059,1.0351899783420018e-5,0.024768890003006527,0.024768890003006527,1.0271396675872386,5.073634603152951e-5,TRUE,FALSE,Significant_small_difference
VFG040871(gb|NP_249370),PA0679,8152,2576,588,263,8740,2839,0.9327231121281464,0.9073617470940472,1.4154111888461647,1.1055742059559426e-5,0.025361365034099248,0.025361365034099248,1.0279506658896769,5.4028930760629545e-5,TRUE,FALSE,Significant_small_difference
VFG002067(gb|NP_248771),PA0081,8418,2679,322,160,8740,2839,0.9631578947368421,0.9436421275096865,1.5612833876110275,1.1204897268217362e-5,0.019515767227155645,0.019515767227155645,1.0206813225673366,5.4599586110446455e-5,TRUE,FALSE,Significant_small_difference
VFG015096(gb|WP_003132884),PA1691,8218,2601,522,238,8740,2839,0.94027459954233406,0.9161676646706587,1.4405135092783368,1.2298260737181025e-5,0.024106934871675367,0.024106934871675367,1.0263127981932665,5.975466167979023e-5,TRUE,FALSE,Significant_small_difference
VFG000186(gb|NP_250382),,8217,2601,523,238,8740,2839,0.9401601830663615,0.9161676646706587,1.4375845264690799,1.2524372450742847e-5,0.023992518395702822,0.023992518395702822,1.0261879122358324,6.067842514928862e-5,TRUE,FALSE,Significant_small_difference
VFG013733(gb|WP_003854229),,0,8,8740,2831,8740,2839,0,0.0028178936245156746,0,1.2963374639434812e-5,-0.0028178936245156746,0.0028178936245156746,Inf,6.262535714065069e-5,TRUE,FALSE,Significant_small_difference
VFG000163(gb|NP_251088),PA2398,2945,1085,5795,1754,8740,2839,0.33695652173913043,0.38217682282493837,0.8215709855990909,1.3294850970525633e-5,-0.045220301085807935,0.045220301085807935,1.1342021838675591,6.401886766576535e-5,TRUE,FALSE,Significant_small_difference
VFG000160(gb|NP_251087),PA2397,2946,1085,5794,1754,8740,2839,0.337070938215103,0.38217682282493837,0.8219916903338086,1.3327771382374639e-5,-0.04510588460983539,0.04510588460983539,1.133817186520693,6.401886766576535e-5,TRUE,FALSE,Significant_small_difference
VFG000192(gb|NP_250388),PA1697,8698,2839,42,0,8740,2839,0.9951945080091533,1,0,1.3411005969448273e-5,-0.0048054919908466776,0.0048054919908466776,1.0048286962520119,6.423567063775508e-5,TRUE,FALSE,Significant_small_difference
VFG000204(gb|NP_250400),PA1709,8213,2600,527,239,8740,2839,0.9397025171624714,0.9158154279675942,1.4325213511517039,1.3483852614261632e-5,0.023887089194877253,0.023887089194877253,1.0260828639324064,6.440163033327227e-5,TRUE,FALSE,Significant_small_difference
VFG015521(gb|NP_252906),PA4216,7410,2308,1330,531,8740,2839,0.8478260869565217,0.8129623106727721,1.2818092629199191,1.5140984577970076e-5,0.03486377628374959,0.03486377628374959,1.042884861728581,7.19090140801621e-5,TRUE,FALSE,Significant_small_difference
VFG015523(gb|WP_003112073),PA1905,7410,2308,1330,531,8740,2839,0.8478260869565217,0.8129623106727721,1.2818092629199191,1.5140984577970076e-5,0.03486377628374959,0.03486377628374959,1.042884861728581,7.19090140801621e-5,TRUE,FALSE,Significant_small_difference
VFG015128(gb|WP_003087708),PA1707,8190,2592,550,247,8740,2839,0.937070938215103,0.9129975343430785,1.4189560247939412,1.9037169412192798e-5,0.0240734038720245,0.0240734038720245,1.0263674357996442,9.015917873302544e-5,TRUE,FALSE,Significant_small_difference
VFG040872(gb|NP_249371),PA0680,8136,2572,604,267,8740,2839,0.9308924485125858,0.9059528002817894,1.3983011761959296,1.9789347481731038e-5,0.02493964823079642,0.02493964823079642,1.0275286397073216,9.345893516582222e-5,TRUE,FALSE,Significant_small_difference
VFG000199(gb|NP_250395),PA1704,8175,2587,565,252,8740,2839,0.9353546910755148,0.9112363508277562,1.4093845107276861,1.9871833012084343e-5,0.024118340247758607,0.024118340247758607,1.0264677108478495,9.358634206249777e-5,TRUE,FALSE,Significant_small_difference
VFG019930(gb|WP_003092013),PA3479,8223,2605,517,234,8740,2839,0.9408466819221968,0.9175766114829165,1.428674636548075,2.0157657391421807e-5,0.02327007043928031,0.02327007043928031,1.0253603569969738,9.466799543715089e-5,TRUE,FALSE,Significant_small_difference
VFG019952(gb|WP_003087692),PA1698,8221,2604,519,235,8740,2839,0.9406178489702517,0.9172243747798521,1.4294521009005539,2.078539286645981e-5,0.02339347419039961,0.02339347419039961,1.0255046364157236,9.734492325792012e-5,TRUE,FALSE,Significant_small_difference
VFG014735(gb|WP_003138116),PA3526,8293,2632,447,207,8740,2839,0.9488558352402746,0.9270870024656569,1.459059851009953,2.4181051069259977e-5,0.02176883277461772,0.02176883277461772,1.0234808952306762,1.1293421635116988e-4,TRUE,FALSE,Significant_small_difference
VFG016038(gb|NP_251090),PA2400,2964,1087,5776,1752,8740,2839,0.3391304347826087,0.38288129623106726,0.8271193155872366,2.510739702299428e-5,-0.04375086144845858,0.04375086144845858,1.1290089504249419,1.1693666127284076e-4,TRUE,FALSE,Significant_small_difference
VFG041031(gb|NP_251049),PA2359,8695,2801,45,38,8740,2839,0.9948512585812357,0.9866150052835505,2.6211040431847836,2.7453501140592775e-5,0.008236253297685181,0.008236253297685181,1.0083479911146478,1.275113028182904e-4,TRUE,FALSE,Significant_small_difference
VFG015164(gb|WP_003087735),PA1725,8190,2594,550,245,8740,2839,0.937070938215103,0.9137020077492075,1.4063825914680799,2.7751538042243147e-5,0.0233689304658955,0.0233689304658955,1.025576096219228,1.2854146466819216e-4,TRUE,FALSE,Significant_small_difference
VFG019954(gb|WP_003087694),PA1700,8162,2583,578,256,8740,2839,0.9338672768878719,0.9098274040154984,1.3994928721295679,2.8349733207235543e-5,0.024039872872373413,0.024039872872373413,1.0264224541558917,1.3095246626684693e-4,TRUE,FALSE,Significant_small_difference
VFG000148(gb|NP_248734),PA0044,8692,2838,48,1,8740,2839,0.994508009153318,0.9996477632969355,0.06381334808607295,3.284795790096813e-5,-0.005139754143617448,0.005139754143617448,1.005168137507503,1.5131600278970564e-4,TRUE,FALSE,Significant_small_difference
VFG019976(gb|WP_003087734),PA1724,8188,2594,552,245,8740,2839,0.9368421052631579,0.9137020077492075,1.400945354845732,3.414024412833133e-5,0.02314009751395041,0.02314009751395041,1.0253256502860852,1.5684046757593085e-4,TRUE,FALSE,Significant_small_difference
VFG000196(gb|NP_250392),PA1701,8160,2583,580,256,8740,2839,0.9336384439359268,0.9098274040154984,1.3943258068511215,3.477383503614642e-5,0.023811039920428323,0.023811039920428323,1.026170941670188,1.5931708117104037e-4,TRUE,FALSE,Significant_small_difference
VFG009819(gb|WP_041799901),,8004,2527,736,312,8740,2839,0.9157894736842105,0.8901021486438887,1.3426623953425048,4.7004559945681984e-5,0.025687325040321785,0.025687325040321785,1.0288588507279277,2.1476880235344126e-4,TRUE,FALSE,Significant_small_difference
VFG000208(gb|NP_250404),PA1713,8200,2600,540,239,8740,2839,0.9382151029748284,0.9158154279675942,1.3958255003965354,4.95471378086546e-5,0.022399675007234165,0.022399675007234165,1.024458722055976,2.2516569904418237e-4,TRUE,FALSE,Significant_small_difference
VFG000209(gb|NP_250405),PA1714,8200,2600,540,239,8740,2839,0.9382151029748284,0.9158154279675942,1.3958255003965354,4.95471378086546e-5,0.022399675007234165,0.022399675007234165,1.024458722055976,2.2516569904418237e-4,TRUE,FALSE,Significant_small_difference
VFG000151(gb|NP_250121),,8112,2567,628,272,8740,2839,0.9281464530892448,0.9041916167664671,1.3686698247173457,5.3225870780725276e-5,0.02395483632277773,0.02395483632277773,1.0264930971251913,2.4123338208683552e-4,TRUE,FALSE,Significant_small_difference
VFG024169(gb|WP_099961986),,8003,2527,737,312,8740,2839,0.9156750572082379,0.8901021486438887,1.3406732755567157,5.5263025732935174e-5,0.02557290856434924,0.02557290856434924,1.0287303076431291,2.4979480264270427e-4,TRUE,FALSE,Significant_small_difference
VFG019973(gb|WP_003122856),PA1721,8164,2587,576,252,8740,2839,0.934096109839817,0.9112363508277562,1.3806118412132788,5.613658628071147e-5,0.02285975901206072,0.02285975901206072,1.0250865310534365,2.5306493173604157e-4,TRUE,FALSE,Significant_small_difference
VFG019964(gb|WP_003100765),PA1712,8156,2584,584,255,8740,2839,0.9331807780320366,0.9101796407185628,1.3781582511517996,6.156058558074306e-5,0.023001137313473752,0.023001137313473752,1.0252709863904612,2.7677639277102085e-4,TRUE,FALSE,Significant_small_difference
VFG000218(gb|NP_250414),PA1723,8196,2599,544,240,8740,2839,0.9377574370709382,0.9154631912645298,1.3912162446673495,6.1873921884225935e-05,0.022294245806408375,0.022294245806408375,1.0243529680047685,2.7744529866171523e-4,TRUE,FALSE,Significant_small_difference
VFG019963(gb|WP_003100769),PA1710,8160,2586,580,253,8740,2839,0.9336384439359268,0.9108841141246918,1.3763892400291307,6.948552288184061e-5,0.02275432981123493,0.02275432981123493,1.0249804881415685,3.10749579784571e-4,TRUE,FALSE,Significant_small_difference
VFG019950(gb|WP_003109497),PA1696,8173,2591,567,248,8740,2839,0.9351258581235697,0.9126452976400141,1.3796524762156068,7.018167161785902e-5,0.022480560483555623,0.022480560483555623,1.0246323084572808,3.1303253531140293e-4,TRUE,FALSE,Significant_small_difference
VFG000215(gb|NP_250411),PA1720,8143,2580,597,259,8740,2839,0.9316933638443936,0.908770693906305,1.3692334324416302,7.226302524072358e-5,0.022922669938088558,0.022922669938088558,1.0252238216876874,3.206196330417367e-4,TRUE,FALSE,Significant_small_difference
VFG015158(gb|WP_003120330),PA1722,8143,2580,597,259,8740,2839,0.9316933638443936,0.908770693906305,1.3692334324416302,7.226302524072358e-5,0.022922669938088558,0.022922669938088558,1.0252238216876874,3.206196330417367e-4,TRUE,FALSE,Significant_small_difference
VFG015055(gb|WP_003082999),PA1430,8111,2568,629,271,8740,2839,0.9280320366132723,0.9045438534695315,1.3607728502437078,7.494305890304865e-5,0.023488183143740793,0.023488183143740793,1.0259668815985514,3.3093193783364204e-4,TRUE,FALSE,Significant_small_difference
VFG015433,,8414,2683,326,156,8740,2839,0.9627002288329519,0.9450510743219444,1.5006245147722312,7.497983407618698e-5,0.01764915451100757,0.01764915451100757,1.0186753446353898,3.3093193783364204e-4,TRUE,FALSE,Significant_small_difference
VFG001264(gb|NP_250144),,8735,2827,5,12,8740,2839,0.9994279176201373,0.9957731595632265,7.414419599089349,8.03233133454555e-5,0.003654758056910734,0.003654758056910734,1.0036702717097876,3.5175352285828044e-4,TRUE,FALSE,Significant_small_difference
VFG014605(gb|WP_003087102),PA1453,8735,2827,5,12,8740,2839,0.9994279176201373,0.9957731595632265,7.414419599089349,8.03233133454555e-5,0.003654758056910734,0.003654758056910734,1.0036702717097876,3.5175352285828044e-4,TRUE,FALSE,Significant_small_difference
VFG043015(gb|NP_250150),,8735,2827,5,12,8740,2839,0.9994279176201373,0.9957731595632265,7.414419599089349,8.03233133454555e-5,0.003654758056910734,0.003654758056910734,1.0036702717097876,3.5175352285828044e-4,TRUE,FALSE,Significant_small_difference
VFG044093(gb|NP_252098),PA3408,8689,2837,51,2,8740,2839,0.9941647597254004,0.9992955265938711,0.12011870229655833,8.218432609888475e-5,-0.005130766868470693,0.005130766868470693,1.0051608818541182,3.5897091658735675e-4,TRUE,FALSE,Significant_small_difference
VFG000154(gb|NP_250123),,8114,2570,626,269,8740,2839,0.9283752860411899,0.9052483268756605,1.3566492059745792,8.559148353017548e-5,0.023126959165529426,0.023126959165529426,1.0255476408836335,3.714619524381987e-4,TRUE,FALSE,Significant_small_difference
VFG015058(gb|WP_003083017),PA1432,8114,2570,626,269,8740,2839,0.9283752860411899,0.9052483268756605,1.3566492059745792,8.559148353017548e-5,0.023126959165529426,0.023126959165529426,1.0255476408836335,3.714619524381987e-4,TRUE,FALSE,Significant_small_difference
VFG015144(gb|WP_003109510),PA1715,8157,2586,583,253,8740,2839,0.9332951945080091,0.9108841141246918,1.3688039538693937,8.570504122091297e-5,0.022411080383317294,0.022411080383317294,1.0246036570797517,3.714619524381987e-4,TRUE,FALSE,Significant_small_difference
VFG049835(gb|WP_012076956),,35,0,8705,2839,8740,2839,0.004004576659038902,0,Inf,8.904789583921908e-5,0.004004576659038902,0.004004576659038902,Inf,3.8397634881054567e-4,TRUE,FALSE,Significant_small_difference
VFG049843(gb|WP_003155066),,35,0,8705,2839,8740,2839,0.004004576659038902,0,Inf,8.904789583921908e-5,0.004004576659038902,0.004004576659038902,Inf,3.8397634881054567e-4,TRUE,FALSE,Significant_small_difference
VFG049248(gb|WP_123809090),,3,10,8737,2829,8740,2839,3.4324942791762013e-4,0.003522367030644593,0.09717028883829543,1.0457012204715482e-4,-0.003179117602726973,0.003179117602726973,10.261829282611249,4.497582290089363e-4,TRUE,FALSE,Significant_small_difference
VFG048839(gb|WP_041937831),,2,9,8738,2830,8740,2839,2.288329519450801e-4,0.0031701303275801338,0.07199214526364417,1.0617567157647108e-4,-0.0029412973756350537,0.0029412973756350537,13.853469531525183,4.5550173607615833e-4,TRUE,FALSE,Significant_small_difference
VFG001261(gb|NP_250139),,8189,2599,551,240,8740,2839,0.9369565217391305,0.9154631912645298,1.3723707600345205,1.1392137231965157e-4,0.02149333047460067,0.02149333047460067,1.0234780935811432,4.862567942555254e-4,TRUE,FALSE,Significant_small_difference
VFG014566(gb|WP_003083054),PA1448,8189,2599,551,240,8740,2839,0.9369565217391305,0.9154631912645298,1.3723707600345205,1.1392137231965157e-4,0.02149333047460067,0.02149333047460067,1.0234780935811432,4.862567942555254e-4,TRUE,FALSE,Significant_small_difference
VFG000197(gb|NP_250393),PA1702,8134,2579,606,260,8740,2839,0.9306636155606407,0.9084184572032405,1.3531358316285615,1.3105160701441785e-4,0.022245158357400152,0.022245158357400152,1.0244877877381384,5.578418202758737e-4,TRUE,FALSE,Significant_small_difference
VFG041033(gb|NP_251051),PA2361,8698,2805,42,34,8740,2839,0.9951945080091533,0.9880239520958084,2.5100104324895374,1.3135421272213632e-4,0.007170555913344923,0.007170555913344923,1.0072574717425975,5.578418202758737e-4,TRUE,FALSE,Significant_small_difference
VFG000191(gb|NP_250387),,8156,2589,584,250,8740,2839,0.9331807780320366,0.9119408242338851,1.3485290744523921,1.9665214577316756e-4,0.021239953798151467,0.021239953798151467,1.0232909342730598,8.330540647576897e-4,TRUE,FALSE,Significant_small_difference
VFG038432(gb|WP_016352168),,0,6,8740,2833,8740,2839,0,0.0021134202183867557,0,2.1638772791485072e-4,-0.0021134202183867557,0.0021134202183867557,Inf,9.120742731610958e-4,TRUE,FALSE,Significant_small_difference
VFG038433(gb|WP_005314160),,0,6,8740,2833,8740,2839,0,0.0021134202183867557,0,2.1638772791485072e-4,-0.0021134202183867557,0.0021134202183867557,Inf,9.120742731610958e-4,TRUE,FALSE,Significant_small_difference
VFG042705(gb|NP_249684),PA0993,7727,2578,1013,261,8740,2839,0.8840961098398169,0.9080662205001762,0.7722913992355979,3.292117794867407e-4,-0.023970110660359256,0.023970110660359256,1.0271125620773314,0.0013841672324554734,TRUE,FALSE,Significant_small_difference
VFG007914(gb|WP_011780329),,30,0,8710,2839,8740,2839,0.003432494279176201,0,Inf,3.7751212858999714e-4,0.003432494279176201,0.003432494279176201,Inf,0.0015832971363252118,TRUE,FALSE,Significant_small_difference
VFG044089(gb|NP_252094),PA3404,8689,2836,51,3,8740,2839,0.9941647597254004,0.9989432898908066,0.180238746710486,3.88437789039235e-4,-0.004778530165406192,0.004778530165406192,1.0048065777011912,0.0016250772017869731,TRUE,FALSE,Significant_small_difference
VFG001230(gb|NP_251805),PA3115,8684,2835,56,4,8740,2839,0.9935926773455378,0.9985910531877422,0.21881001103938996,4.61760016046517e-4,-0.004998375842204417,0.004998375842204417,1.0050306085744896,0.0019270479877584843,TRUE,FALSE,Significant_small_difference
VFG002058(gb|NP_248762),PA0072,8703,2838,37,1,8740,2839,0.995766590389016,0.9996477632969355,0.08288934290490224,4.740338650558424e-4,-0.00388117290791945,0.00388117290791945,1.0038976733557643,0.001973385423417655,TRUE,FALSE,Significant_small_difference
VFG041038(gb|NP_251056),PA2366,8695,2806,45,33,8740,2839,0.9948512585812357,0.9883761887988728,2.272225557484026,5.180082297511917e-4,0.006475069782362897,0.006475069782362897,1.0065512199259188,0.002151137624040663,TRUE,FALSE,Significant_small_difference
VFG048735,,8011,2541,729,298,8740,2839,0.9165903890160183,0.8950334624867912,1.2887297397339361,5.418401663792481e-4,0.02155692652922714,0.02155692652922714,1.0240850509313166,0.0022227311934681564,TRUE,FALSE,Significant_small_difference
VFG048736(gb|YP_005226611),KPHS_23110,8011,2541,729,298,8740,2839,0.9165903890160183,0.8950334624867912,1.2887297397339361,5.418401663792481e-4,0.02155692652922714,0.02155692652922714,1.0240850509313166,0.0022227311934681564,TRUE,FALSE,Significant_small_difference
VFG048737,,8011,2541,729,298,8740,2839,0.9165903890160183,0.8950334624867912,1.2887297397339361,5.418401663792481e-4,0.02155692652922714,0.02155692652922714,1.0240850509313166,0.0022227311934681564,TRUE,FALSE,Significant_small_difference
VFG048738(gb|WP_004224376),,8011,2541,729,298,8740,2839,0.9165903890160183,0.8950334624867912,1.2887297397339361,5.418401663792481e-4,0.02155692652922714,0.02155692652922714,1.0240850509313166,0.0022227311934681564,TRUE,FALSE,Significant_small_difference
VFG048739(gb|WP_012968403),,8011,2541,729,298,8740,2839,0.9165903890160183,0.8950334624867912,1.2887297397339361,5.418401663792481e-4,0.02155692652922714,0.02155692652922714,1.0240850509313166,0.0022227311934681564,TRUE,FALSE,Significant_small_difference
VFG001252(gb|NP_249793),PA1102,8712,2839,28,0,8740,2839,0.9967963386727688,1,0,5.994784750548583e-4,-0.0032036613272311554,0.0032036613272311554,1.0032139577594124,0.002453205604229347,TRUE,FALSE,Significant_small_difference
VFG002057(gb|NP_248761),PA0071,8705,2838,35,1,8740,2839,0.9959954233409611,0.9996477632969355,0.08764592924911488,7.421908512416037e-4,-0.0036523399559743597,0.0036523399559743597,1.0036670248380488,0.00302254535070856,TRUE,FALSE,Significant_small_difference
VFG042740(gb|NP_252983),PA4293,8705,2838,35,1,8740,2839,0.9959954233409611,0.9996477632969355,0.08764592924911488,7.421908512416037e-4,-0.0036523399559743597,0.0036523399559743597,1.0036670248380488,0.00302254535070856,TRUE,FALSE,Significant_small_difference
VFG009423(gb|WP_011856686),,36,1,8704,2838,8740,2839,0.004118993135011442,3.522367030644593e-4,11.736872414483406,7.701365313855284e-4,0.0037667564319469825,0.0037667564319469825,11.693821510297482,0.0031137894290551586,TRUE,FALSE,Significant_small_difference
VFG009424(gb|WP_011561489),,36,1,8704,2838,8740,2839,0.004118993135011442,3.522367030644593e-4,11.736872414483406,7.701365313855284e-4,0.0037667564319469825,0.0037667564319469825,11.693821510297482,0.0031137894290551586,TRUE,FALSE,Significant_small_difference
VFG019945(gb|WP_003103203),PA1690,8704,2838,36,1,8740,2839,0.9958810068649886,0.9996477632969355,0.08520157369750746,7.701365313855286e-4,-0.003766756431946905,0.003766756431946905,1.0037823358473363,0.0031137894290551586,TRUE,FALSE,Significant_small_difference
VFG020077(gb|WP_015885148),,8116,2581,624,258,8740,2839,0.928604118993135,0.9091229306093696,1.3001058222784179,8.331173210878186e-4,0.019481188383765446,0.019481188383765446,1.021428552429876,0.0033603727352967995,TRUE,FALSE,Significant_small_difference
VFG029750(gb|WP_011857547),,0,5,8740,2834,8740,2839,0,0.0017611835153222965,0,8.837232049705316e-4,-0.0017611835153222965,0.0017611835153222965,Inf,0.003539091029881986,TRUE,FALSE,Significant_small_difference
VFG029751(gb|WP_011562667),,0,5,8740,2834,8740,2839,0,0.0017611835153222965,0,8.837232049705316e-4,-0.0017611835153222965,0.0017611835153222965,Inf,0.003539091029881986,TRUE,FALSE,Significant_small_difference
VFG036265,,0,5,8740,2834,8740,2839,0,0.0017611835153222965,0,8.837232049705316e-4,-0.0017611835153222965,0.0017611835153222965,Inf,0.003539091029881986,TRUE,FALSE,Significant_small_difference
VFG041035(gb|NP_251053),PA2363,8693,2806,47,33,8740,2839,0.9946224256292906,0.9883761887988728,2.1750630741910153,9.698228874595173e-4,0.006246236830417806,0.006246236830417806,1.006319695781025,0.0038746952328358912,TRUE,FALSE,Significant_small_difference
VFG000165(gb|NP_252915),PA4225,8738,2832,2,7,8740,2839,0.9997711670480549,0.9975343430785488,10.79572167304695,0.0011790483454933273,0.0022368239695060854,0.0022368239695060854,1.0022423528423121,0.004699469291966312,TRUE,FALSE,Significant_small_difference
VFG019772(gb|WP_015886333),,25,0,8715,2839,8740,2839,0.002860411899313501,0,Inf,0.0016085772167391032,0.002860411899313501,0.002860411899313501,Inf,0.006396370725052189,TRUE,FALSE,Significant_small_difference
VFG002065(gb|NP_248769),PA0079,8708,2838,32,1,8740,2839,0.9963386727688787,0.9996477632969355,0.09589560810884545,0.0018146204231884802,-0.003309090528056835,0.003309090528056835,1.0033212507137363,0.007198705961166536,TRUE,FALSE,Significant_small_difference
VFG015512(gb|NP_252902),PA4213,7679,2430,1061,409,8740,2839,0.8786041189931351,0.8559351884466362,1.218185489593584,0.0018355145659465647,0.022668930546498878,0.022668930546498878,1.0264844007495928,0.007264501310295559,TRUE,FALSE,Significant_small_difference
VFG015908(gb|WP_164920478),,89,12,8651,2827,8740,2839,0.010183066361556064,0.004226840436773511,2.4236285676565092,0.0023127717177820507,0.0059562259247825525,0.0059562259247825525,2.4091437833714724,0.009131927672553952,TRUE,FALSE,Significant_small_difference
VFG000200(gb|NP_250396),PA1705,8063,2567,677,272,8740,2839,0.9225400457665904,0.9041916167664671,1.2619644931480325,0.0024078699563040776,0.018348429000123345,0.018348429000123345,1.0202926333974873,0.009485207351235222,TRUE,FALSE,Significant_small_difference
VFG051823(gb|WP_011979148.1),,23,0,8717,2839,8740,2839,0.002631578947368421,0,Inf,0.0025489466427692053,0.002631578947368421,0.002631578947368421,Inf,0.010017538554099953,TRUE,FALSE,Significant_small_difference
VFG041022(gb|NP_250355),,8011,2549,729,290,8740,2839,0.9165903890160183,0.8978513561113068,1.2502195638805649,0.002579494602340554,0.01873903290471146,0.01873903290471146,1.0208709746631919,0.010114018371037614,TRUE,FALSE,Significant_small_difference
VFG002060(gb|NP_248764),PA0074,8710,2838,30,1,8740,2839,0.9965675057208238,0.9996477632969355,0.1023120017288089,0.0028136802859346955,-0.0030802575761117446,0.0030802575761117446,1.003090866959267,0.011006647243818784,TRUE,FALSE,Significant_small_difference
VFG019947(gb|WP_003087672),PA1692,8044,2562,696,277,8740,2839,0.9203661327231121,0.9024304332511448,1.249574835929774,0.0030827103460020935,0.01793569947196727,0.01793569947196727,1.0198748832165945,0.012031133433702615,TRUE,FALSE,Significant_small_difference
VFG000187(gb|NP_250383),,8038,2560,702,279,8740,2839,0.9196796338672769,0.9017259598450158,1.2478843000908357,0.003191007349284868,0.017953674022261112,0.017953674022261112,1.019910343964531,0.012425030925852858,TRUE,FALSE,Significant_small_difference
VFG051822(gb|WP_012613443.1),,3750,1307,4990,1532,8740,2839,0.4290617848970252,0.4603733709052483,0.880885910563824,0.003523456492987534,-0.03131158600822315,0.03131158600822315,1.072976869789832,0.013687897804555258,TRUE,FALSE,Significant_small_difference
VFG000194(gb|NP_250390),PA1699,8050,2566,690,273,8740,2839,0.9210526315789473,0.9038393800634026,1.2412327733825912,0.0042940186392765745,0.01721325151554476,0.01721325151554476,1.0190445912130286,0.0166348140651875,TRUE,FALSE,Significant_small_difference
VFG044098(gb|NP_252910),PA4220,8091,2580,649,259,8740,2839,0.9257437070938215,0.908770693906305,1.2515137072088252,0.004301766863832592,0.016973013187516428,0.016973013187516428,1.0186768931935501,0.0166348140651875,TRUE,FALSE,Significant_small_difference
VFG002063(gb|NP_248767),PA0077,8712,2838,28,1,8740,2839,0.9967963386727688,0.9996477632969355,0.1096449970851851,0.0043862497799655314,-0.002851424624166654,0.002851424624166654,1.0028605889824629,0.016845597104833455,TRUE,FALSE,Significant_small_difference
VFG002064(gb|NP_248768),PA0078,8712,2838,28,1,8740,2839,0.9967963386727688,0.9996477632969355,0.1096449970851851,0.0043862497799655314,-0.002851424624166654,0.002851424624166654,1.0028605889824629,0.016845597104833455,TRUE,FALSE,Significant_small_difference
VFG002070(gb|NP_248774),PA0084,8712,2838,28,1,8740,2839,0.9967963386727688,0.9996477632969355,0.1096449970851851,0.0043862497799655314,-0.002851424624166654,0.002851424624166654,1.0028605889824629,0.016845597104833455,TRUE,FALSE,Significant_small_difference
VFG050297(gb|NP_250644),PA1954,8694,2835,46,4,8740,2839,0.9947368421052631,0.9985910531877422,0.2666802539692048,0.004563355179741944,-0.0038542110824790754,0.0038542110824790754,1.0038746037337092,0.01748594734782936,TRUE,FALSE,Significant_small_difference
VFG041041(gb|NP_251059),PA2369,8682,2804,58,35,8740,2839,0.9933638443935927,0.9876717153927439,1.8682606360386076,0.005029550904764075,0.005692129000848811,0.005692129000848811,1.005763179113199,0.019228623186921156,TRUE,FALSE,Significant_small_difference
VFG041020(gb|NP_250353),,8721,2839,19,0,8740,2839,0.9978260869565218,1,0,0.006667735297633261,-0.0021739130434782483,0.0021739130434782483,1.0021786492374727,0.025319373224796573,TRUE,FALSE,Significant_small_difference
VFG041021(gb|NP_250354),,8721,2839,19,0,8740,2839,0.9978260869565218,1,0,0.006667735297633261,-0.0021739130434782483,0.0021739130434782483,1.0021786492374727,0.025319373224796573,TRUE,FALSE,Significant_small_difference
VFG051551(gb|WP_012614304.1),PA1662,8721,2839,19,0,8740,2839,0.9978260869565218,1,0,0.006667735297633261,-0.0021739130434782483,0.0021739130434782483,1.0021786492374727,0.025319373224796573,TRUE,FALSE,Significant_small_difference
VFG000214(gb|NP_250410),PA1719,8019,2558,721,281,8740,2839,0.9175057208237987,0.9010214864388869,1.2217861832647972,0.0071610167301550676,0.016484234384911756,0.016484234384911756,1.018295051375592,0.027131402712452683,TRUE,FALSE,Significant_small_difference
VFG043648(gb|NP_252312),PA3622,8637,2822,103,17,8740,2839,0.9882151029748284,0.9940119760479041,0.5051413749802429,0.007352178337109845,-0.005796873073075748,0.005796873073075748,1.0058660033181293,0.027793212278850222,TRUE,FALSE,Significant_small_difference
VFG000115(gb|NP_249839),,8588,2766,152,73,8740,2839,0.9826086956521739,0.9742867206762945,1.4910855037241033,0.007599520582866148,0.008321974975879387,0.008321974975879387,1.0085416077210851,0.028599981479268583,TRUE,FALSE,Significant_small_difference
VFG015862(gb|WP_003140553),PA1148,8588,2766,152,73,8740,2839,0.9826086956521739,0.9742867206762945,1.4910855037241033,0.007599520582866148,0.008321974975879387,0.008321974975879387,1.0085416077210851,0.028599981479268583,TRUE,FALSE,Significant_small_difference
VFG001268(gb|NP_252914),PA4224,8702,2814,38,25,8740,2839,0.9956521739130435,0.9911940824233885,2.0344023834346245,0.007682825113233279,0.004458091489655036,0.004458091489655036,1.004497697846173,0.028849093855036322,TRUE,FALSE,Significant_small_difference
VFG015075(gb|WP_011532652),,62,8,8678,2831,8740,2839,0.007093821510297483,0.0028178936245156746,2.528231455033236,0.008014006445715476,0.004275927885781809,0.004275927885781809,2.5174199084668194,0.03002581081661398,TRUE,FALSE,Significant_small_difference
VFG041017(gb|NP_250350),,8092,2585,648,254,8740,2839,0.925858123569794,0.9105318774216273,1.2270352739106425,0.008796799314327416,0.015326246148166689,0.015326246148166689,1.0168321906439632,0.03288559566287366,TRUE,FALSE,Significant_small_difference
VFG000120(gb|NP_253949),PA5262,8737,2833,3,6,8740,2839,0.9996567505720824,0.9978865797816132,6.166822060350581,0.009007427531016108,0.00177017079046915,0.00177017079046915,1.0017739198285005,0.0335985018081707,TRUE,FALSE,Significant_small_difference
VFG051527(gb|WP_003120359.1),PA1659,8090,2585,650,254,8740,2839,0.9256292906178489,0.9105318774216273,1.2229597448088128,0.009964685433500823,0.015097413196221598,0.015097413196221598,1.0165808727520593,0.037087107375016304,TRUE,FALSE,Significant_small_difference
VFG041013(gb|NP_250203),,7385,2455,1355,384,8740,2839,0.8449656750572082,0.8647411060232476,0.8525152028252581,0.01017178016105602,-0.019775430966039398,0.019775430966039398,1.023403827575245,0.03777449636903183,TRUE,FALSE,Significant_small_difference
VFG000206(gb|NP_250402),PA1711,7987,2549,753,290,8740,2839,0.9138443935926773,0.8978513561113068,1.2067695519703028,0.010307425366297151,0.015993037481370487,0.015993037481370487,1.0178125670496707,0.038194108060608786,TRUE,FALSE,Significant_small_difference
VFG042700(gb|NP_252772),PA4083,8126,2598,614,241,8740,2839,0.9297482837528604,0.9151109545614653,1.2276908200122514,0.010427219789525469,0.014637329191395154,0.014637329191395154,1.0159951414835915,0.038553273169166534,TRUE,FALSE,Significant_small_difference
VFG014343(gb|NP_249787),PA1096,7844,2499,896,340,8740,2839,0.8974828375286041,0.8802395209580839,1.19102680803584,0.01064307897285922,0.01724331657052025,0.01724331657052025,1.0195893460358971,0.03926527603553752,TRUE,FALSE,Significant_small_difference
VFG043589(gb|WP_000044536),,2,5,8738,2834,8740,2839,2.288329519450801e-4,0.0017611835153222965,0.1297424392620233,0.011779172819562317,-0.0015323505633772164,0.0015323505633772164,7.696371961958436,0.04336175845803944,TRUE,FALSE,Significant_small_difference
